id,mode,value,value-mode
0,,50:15:0,paint
1,,50:15:0,paint
2,,50:15:0,paint
3,,50:15:0,paint
4,,50:15:0,paint
5,,50:15:0,paint
6,,50:19:0,paint
7,,50:19:0,paint
8,,50:19:0,paint
9,,50:19:0,paint
10,,50:19:0,paint
11,,50:19:0,paint
12,,50:12:0,paint
13,,50:24:0,paint
14,,50:24:0,paint
15,,50:24:0,paint
16,,50:24:0,paint
17,,50:24:0,paint
18,,50:24:0,paint
19,,73:43:0,paint
20,,73:43:0,paint
21,,73:43:0,paint
22,,73:43:0,paint
23,,73:43:0,paint
24,,73:43:0,paint
25,,73:43:0,paint
26,,102:68:0,paint
27,,102:68:0,paint
28,,102:68:0,paint
29,,102:68:0,paint
30,,102:68:0,paint
31,,102:68:0,paint
32,,94:61:0,paint
33,,135:98:0,paint
34,,135:98:0,paint
35,,135:98:0,paint
36,,135:98:0,paint
37,,135:98:0,paint
38,,135:98:0,paint
39,,125:89:0,paint
40,,165:126:0,paint
41,,165:126:0,paint
42,,165:126:0,paint
43,,165:126:0,paint
44,,165:126:0,paint
45,,165:126:0,paint
46,,153:115:0,paint
47,,190:150:0,paint
48,,190:150:0,paint
49,,190:150:0,paint
50,,190:150:0,paint
51,,190:150:0,paint
52,,190:150:0,paint
53,,208:168:0,paint
54,,208:168:0,paint
55,,208:168:0,paint
56,,208:168:0,paint
57,,208:168:0,paint
58,,208:168:0,paint
59,,208:168:0,paint
60,,223:182:0,paint
61,,223:182:0,paint
62,,223:182:0,paint
63,,223:182:0,paint
64,,223:182:0,paint
65,,223:182:0,paint
66,,223:182:0,paint
67,,203:163:0,paint
68,,203:163:0,paint
69,,203:163:0,paint
70,,203:163:0,paint
71,,203:163:0,paint
72,,203:163:0,paint
73,,209:168:0,paint
74,,235:194:0,paint
75,,235:194:0,paint
76,,235:194:0,paint
77,,235:194:0,paint
78,,235:194:0,paint
79,,235:194:0,paint
80,,212:171:0,paint
81,,212:171:0,paint
82,,212:171:0,paint
83,,212:171:0,paint
84,,212:171:0,paint
85,,212:171:0,paint
86,,212:171:0,paint
87,,237:196:0,paint
88,,237:196:0,paint
89,,237:196:0,paint
90,,237:196:0,paint
91,,237:196:0,paint
92,,237:196:0,paint
93,,237:196:0,paint
94,,237:196:0,paint
95,,237:196:0,paint
96,,237:196:0,paint
97,,237:196:0,paint
98,,237:196:0,paint
99,,237:196:0,paint
100,,237:196:0,paint
101,,237:196:0,paint
102,,237:196:0,paint
103,,237:196:0,paint
104,,237:196:0,paint
105,,237:196:0,paint
106,,237:196:0,paint
107,,237:196:0,paint
108,,237:196:0,paint
109,,237:196:0,paint
110,,237:196:0,paint
111,,237:196:0,paint
112,,237:196:0,paint
113,,237:196:0,paint
114,,237:196:0,paint
115,,237:196:0,paint
116,,237:196:0,paint
117,,237:196:0,paint
118,,237:196:0,paint
119,,237:196:0,paint
120,,237:196:0,paint
121,,237:196:0,paint
122,,237:196:0,paint
123,,237:196:0,paint
124,,237:196:0,paint
125,,237:196:0,paint
126,,237:196:0,paint
127,,237:196:0,paint
128,,237:196:0,paint
129,,237:196:0,paint
130,,237:196:0,paint
131,,237:196:0,paint
132,,237:196:0,paint
133,,237:196:0,paint
134,,237:196:0,paint
135,,237:196:0,paint
136,,237:196:0,paint
137,,237:196:0,paint
138,,237:196:0,paint
139,,237:196:0,paint
140,,237:196:0,paint
141,,237:196:0,paint
142,,237:196:0,paint
143,,237:196:0,paint
144,,237:196:0,paint
145,,237:196:0,paint
146,,237:196:0,paint
147,,237:196:0,paint
148,,237:196:0,paint
149,,237:196:0,paint
150,,237:196:0,paint
151,,237:196:0,paint
152,,237:196:0,paint
153,,237:196:0,paint
154,,237:196:0,paint
155,,237:196:0,paint
156,,237:196:0,paint
157,,237:196:0,paint
158,,237:196:0,paint
159,,237:196:0,paint
160,,237:196:0,paint
161,,237:196:0,paint
162,,237:196:0,paint
163,,237:196:0,paint
164,,237:196:0,paint
165,,237:196:0,paint
166,,237:196:0,paint
167,,237:196:0,paint
168,,237:196:0,paint
169,,237:196:0,paint
170,,237:196:0,paint
171,,237:196:0,paint
172,,237:196:0,paint
173,,237:196:0,paint
174,,237:196:0,paint
175,,237:196:0,paint
176,,237:196:0,paint
177,,237:196:0,paint
178,,237:196:0,paint
179,,237:196:0,paint
180,,237:196:0,paint
181,,237:196:0,paint
182,,237:196:0,paint
183,,237:196:0,paint
184,,237:196:0,paint
185,,237:196:0,paint
186,,237:196:0,paint
187,,237:196:0,paint
188,,237:196:0,paint
189,,237:196:0,paint
190,,237:196:0,paint
191,,237:196:0,paint
192,,237:196:0,paint
193,,237:196:0,paint
194,,237:196:0,paint
195,,237:196:0,paint
196,,237:196:0,paint
197,,237:196:0,paint
198,,237:196:0,paint
199,,237:196:0,paint
200,,237:196:0,paint
201,,237:196:0,paint
202,,237:196:0,paint
203,,237:196:0,paint
204,,237:196:0,paint
205,,237:196:0,paint
206,,237:196:0,paint
207,,237:196:0,paint
208,,237:196:0,paint
209,,237:196:0,paint
210,,237:196:0,paint
211,,237:196:0,paint
212,,237:196:0,paint
213,,237:196:0,paint
214,,237:196:0,paint
215,,237:196:0,paint
216,,237:196:0,paint
217,,237:196:0,paint
218,,237:196:0,paint
219,,237:196:0,paint
220,,237:196:0,paint
221,,237:196:0,paint
222,,237:196:0,paint
223,,237:196:0,paint
224,,237:196:0,paint
225,,237:196:0,paint
226,,237:196:0,paint
227,,237:196:0,paint
228,,237:196:0,paint
229,,237:196:0,paint
230,,237:196:0,paint
231,,237:196:0,paint
232,,237:196:0,paint
233,,237:196:0,paint
234,,237:196:0,paint
235,,237:196:0,paint
236,,237:196:0,paint
237,,237:196:0,paint
238,,237:196:0,paint
239,,237:196:0,paint
240,,237:196:0,paint
241,,237:196:0,paint
242,,237:196:0,paint
243,,237:196:0,paint
244,,237:196:0,paint
245,,237:196:0,paint
246,,237:196:0,paint
247,,237:196:0,paint
248,,237:196:0,paint
249,,237:196:0,paint
250,,237:196:0,paint
251,,237:196:0,paint
252,,237:196:0,paint
253,,237:196:0,paint
254,,237:196:0,paint
255,,237:196:0,paint
256,,237:196:0,paint
257,,237:196:0,paint
258,,237:196:0,paint
259,,237:196:0,paint
260,,237:196:0,paint
261,,237:196:0,paint
262,,237:196:0,paint
263,,237:196:0,paint
264,,237:196:0,paint
265,,237:196:0,paint
266,,237:196:0,paint
267,,237:196:0,paint
268,,237:196:0,paint
269,,237:196:0,paint
270,,237:196:0,paint
271,,237:196:0,paint
272,,237:196:0,paint
273,,237:196:0,paint
274,,237:196:0,paint
275,,237:196:0,paint
276,,237:196:0,paint
277,,237:196:0,paint
278,,237:196:0,paint
279,,237:196:0,paint
280,,237:196:0,paint
281,,237:196:0,paint
282,,237:196:0,paint
283,,237:196:0,paint
284,,237:196:0,paint
285,,237:196:0,paint
286,,237:196:0,paint
287,,237:196:0,paint
288,,237:196:0,paint
289,,237:196:0,paint
290,,237:196:0,paint
291,,237:196:0,paint
292,,237:196:0,paint
293,,237:196:0,paint
294,,237:196:0,paint
295,,237:196:0,paint
296,,237:196:0,paint
297,,237:196:0,paint
298,,237:196:0,paint
299,,237:196:0,paint
300,,237:196:0,paint
301,,237:196:0,paint
302,,237:196:0,paint
303,,237:196:0,paint
304,,237:196:0,paint
305,,237:196:0,paint
306,,237:196:0,paint
307,,237:196:0,paint
308,,237:196:0,paint
309,,237:196:0,paint
310,,237:196:0,paint
311,,237:196:0,paint
312,,237:196:0,paint
313,,237:196:0,paint
314,,237:196:0,paint
315,,237:196:0,paint
316,,237:196:0,paint
317,,237:196:0,paint
318,,237:196:0,paint
319,,237:196:0,paint
320,,237:196:0,paint
321,,237:196:0,paint
322,,237:196:0,paint
323,,237:196:0,paint
324,,237:196:0,paint
325,,237:196:0,paint
326,,237:196:0,paint
327,,237:196:0,paint
328,,237:196:0,paint
329,,237:196:0,paint
330,,237:196:0,paint
331,,237:196:0,paint
332,,237:196:0,paint
333,,237:196:0,paint
334,,237:196:0,paint
335,,237:196:0,paint
336,,237:196:0,paint
337,,237:196:0,paint
338,,237:196:0,paint
339,,237:196:0,paint
340,,237:196:0,paint
341,,237:196:0,paint
342,,237:196:0,paint
343,,237:196:0,paint
344,,237:196:0,paint
345,,237:196:0,paint
346,,237:196:0,paint
347,,237:196:0,paint
348,,237:196:0,paint
349,,237:196:0,paint
350,,237:196:0,paint
351,,237:196:0,paint
352,,237:196:0,paint
353,,237:196:0,paint
354,,237:196:0,paint
355,,237:196:0,paint
356,,237:196:0,paint
357,,237:196:0,paint
358,,237:196:0,paint
359,,237:196:0,paint
360,,237:196:0,paint
361,,237:196:0,paint
362,,237:196:0,paint
363,,237:196:0,paint
364,,237:196:0,paint
365,,237:196:0,paint
366,,237:196:0,paint
367,,237:196:0,paint
368,,237:196:0,paint
369,,237:196:0,paint
370,,237:196:0,paint
371,,237:196:0,paint
372,,237:196:0,paint
373,,237:196:0,paint
374,,237:196:0,paint
375,,237:196:0,paint
376,,237:196:0,paint
377,,237:196:0,paint
378,,237:196:0,paint
379,,237:196:0,paint
380,,237:196:0,paint
381,,237:196:0,paint
382,,237:196:0,paint
383,,237:196:0,paint
384,,237:196:0,paint
385,,237:196:0,paint
386,,237:196:0,paint
387,,237:196:0,paint
388,,237:196:0,paint
389,,237:196:0,paint
390,,237:196:0,paint
391,,237:196:0,paint
392,,237:196:0,paint
393,,237:196:0,paint
394,,237:196:0,paint
395,,237:196:0,paint
396,,237:196:0,paint
397,,237:196:0,paint
398,,237:196:0,paint
399,,237:196:0,paint
400,,237:196:0,paint
401,,237:196:0,paint
402,,237:196:0,paint
403,,237:196:0,paint
404,,237:196:0,paint
405,,237:196:0,paint
406,,237:196:0,paint
407,,237:196:0,paint
408,,237:196:0,paint
409,,237:196:0,paint
410,,237:196:0,paint
411,,237:196:0,paint
412,,237:196:0,paint
413,,237:196:0,paint
414,,237:196:0,paint
415,,237:196:0,paint
416,,237:196:0,paint
417,,237:196:0,paint
418,,237:196:0,paint
419,,237:196:0,paint
420,,237:196:0,paint
421,,237:196:0,paint
422,,237:196:0,paint
423,,237:196:0,paint
424,,237:196:0,paint
425,,237:196:0,paint
426,,237:196:0,paint
427,,237:196:0,paint
428,,237:196:0,paint
429,,237:196:0,paint
430,,237:196:0,paint
431,,237:196:0,paint
432,,237:196:0,paint
433,,237:196:0,paint
434,,237:196:0,paint
435,,237:196:0,paint
436,,237:196:0,paint
437,,237:196:0,paint
438,,237:196:0,paint
439,,237:196:0,paint
440,,237:196:0,paint
441,,237:196:0,paint
442,,237:196:0,paint
443,,237:196:0,paint
444,,237:196:0,paint
445,,237:196:0,paint
446,,237:196:0,paint
447,,237:196:0,paint
448,,237:196:0,paint
449,,237:196:0,paint
450,,237:196:0,paint
451,,237:196:0,paint
452,,237:196:0,paint
453,,237:196:0,paint
454,,237:196:0,paint
455,,237:196:0,paint
456,,237:196:0,paint
457,,237:196:0,paint
458,,237:196:0,paint
459,,237:196:0,paint
460,,237:196:0,paint
461,,237:196:0,paint
462,,237:196:0,paint
463,,237:196:0,paint
464,,237:196:0,paint
465,,237:196:0,paint
466,,237:196:0,paint
467,,237:196:0,paint
468,,237:196:0,paint
469,,237:196:0,paint
470,,237:196:0,paint
471,,58:14:0,paint
472,,58:14:0,paint
473,,58:14:0,paint
474,,58:14:0,paint
475,,58:14:0,paint
476,,58:14:0,paint
477,,18:17:0,paint
478,,68:14:0,paint
479,,68:14:0,paint
480,,68:14:0,paint
481,,68:14:0,paint
482,,68:14:0,paint
483,,68:14:0,paint
484,,81:14:0,paint
485,,81:14:0,paint
486,,81:14:0,paint
487,,81:14:0,paint
488,,81:14:0,paint
489,,81:14:0,paint
490,,81:14:0,paint
491,,99:15:0,paint
492,,99:15:0,paint
493,,99:15:0,paint
494,,99:15:0,paint
495,,99:15:0,paint
496,,99:15:0,paint
497,,99:15:0,paint
498,,122:15:0,paint
499,,122:15:0,paint
500,,122:15:0,paint
501,,122:15:0,paint
502,,122:15:0,paint
503,,122:15:0,paint
504,,122:15:0,paint
505,,146:16:0,paint
506,,146:16:0,paint
507,,146:16:0,paint
508,,146:16:0,paint
509,,146:16:0,paint
510,,146:16:0,paint
511,,165:16:0,paint
512,,165:16:0,paint
513,,165:16:0,paint
514,,165:16:0,paint
515,,165:16:0,paint
516,,165:16:0,paint
517,,165:16:0,paint
518,,184:16:0,paint
519,,184:16:0,paint
520,,184:16:0,paint
521,,184:16:0,paint
522,,184:16:0,paint
523,,184:16:0,paint
524,,184:16:0,paint
525,,198:17:0,paint
526,,198:17:0,paint
527,,198:17:0,paint
528,,198:17:0,paint
529,,198:17:0,paint
530,,198:17:0,paint
531,,198:17:0,paint
532,,206:17:0,paint
533,,206:17:0,paint
534,,206:17:0,paint
535,,206:17:0,paint
536,,206:17:0,paint
537,,206:17:0,paint
538,,145:16:0,paint
539,,210:17:0,paint
540,,210:17:0,paint
541,,210:17:0,paint
542,,210:17:0,paint
543,,210:17:0,paint
544,,210:17:0,paint
545,,150:16:0,paint
546,,215:17:0,paint
547,,215:17:0,paint
548,,215:17:0,paint
549,,215:17:0,paint
550,,215:17:0,paint
551,,215:17:0,paint
552,,219:17:0,paint
553,,219:17:0,paint
554,,219:17:0,paint
555,,219:17:0,paint
556,,219:17:0,paint
557,,219:17:0,paint
558,,219:17:0,paint
559,,224:16:0,paint
560,,224:16:0,paint
561,,224:16:0,paint
562,,224:16:0,paint
563,,224:16:0,paint
564,,224:16:0,paint
565,,224:16:0,paint
566,,227:17:0,paint
567,,227:17:0,paint
568,,227:17:0,paint
569,,227:17:0,paint
570,,227:17:0,paint
571,,227:17:0,paint
572,,227:17:0,paint
573,,231:17:0,paint
574,,231:17:0,paint
575,,231:17:0,paint
576,,231:17:0,paint
577,,231:17:0,paint
578,,231:17:0,paint
579,,231:17:0,paint
580,,232:17:0,paint
581,,232:17:0,paint
582,,232:17:0,paint
583,,232:17:0,paint
584,,232:17:0,paint
585,,232:17:0,paint
586,,232:17:0,paint
587,,232:17:0,paint
588,,232:17:0,paint
589,,232:17:0,paint
590,,232:17:0,paint
591,,232:17:0,paint
592,,232:17:0,paint
593,,232:17:0,paint
594,,232:17:0,paint
595,,232:17:0,paint
596,,232:17:0,paint
597,,232:17:0,paint
598,,232:17:0,paint
599,,232:17:0,paint
600,,232:17:0,paint
601,,232:17:0,paint
602,,232:17:0,paint
603,,232:17:0,paint
604,,232:17:0,paint
605,,232:17:0,paint
606,,232:17:0,paint
607,,232:17:0,paint
608,,232:17:0,paint
609,,232:17:0,paint
610,,232:17:0,paint
611,,232:17:0,paint
612,,232:17:0,paint
613,,232:17:0,paint
614,,232:17:0,paint
615,,232:17:0,paint
616,,232:17:0,paint
617,,232:17:0,paint
618,,232:17:0,paint
619,,232:17:0,paint
620,,232:17:0,paint
621,,232:17:0,paint
622,,232:17:0,paint
623,,232:17:0,paint
624,,232:17:0,paint
625,,232:17:0,paint
626,,232:17:0,paint
627,,232:17:0,paint
628,,232:17:0,paint
629,,232:17:0,paint
630,,232:17:0,paint
631,,232:17:0,paint
632,,232:17:0,paint
633,,232:17:0,paint
634,,232:17:0,paint
635,,232:17:0,paint
636,,232:17:0,paint
637,,232:17:0,paint
638,,232:17:0,paint
639,,232:17:0,paint
640,,232:17:0,paint
641,,232:17:0,paint
642,,232:17:0,paint
643,,232:17:0,paint
644,,232:17:0,paint
645,,232:17:0,paint
646,,232:17:0,paint
647,,232:17:0,paint
648,,232:17:0,paint
649,,232:17:0,paint
650,,232:17:0,paint
651,,232:17:0,paint
652,,232:17:0,paint
653,,232:17:0,paint
654,,232:17:0,paint
655,,232:17:0,paint
656,,232:17:0,paint
657,,232:17:0,paint
658,,232:17:0,paint
659,,232:17:0,paint
660,,232:17:0,paint
661,,232:17:0,paint
662,,232:17:0,paint
663,,232:17:0,paint
664,,232:17:0,paint
665,,232:17:0,paint
666,,232:17:0,paint
667,,232:17:0,paint
668,,232:17:0,paint
669,,232:17:0,paint
670,,232:17:0,paint
671,,232:17:0,paint
672,,232:17:0,paint
673,,232:17:0,paint
674,,232:17:0,paint
675,,232:17:0,paint
676,,232:17:0,paint
677,,232:17:0,paint
678,,232:17:0,paint
679,,232:17:0,paint
680,,232:17:0,paint
681,,232:17:0,paint
682,,232:17:0,paint
683,,232:17:0,paint
684,,232:17:0,paint
685,,232:17:0,paint
686,,232:17:0,paint
687,,232:17:0,paint
688,,232:17:0,paint
689,,232:17:0,paint
690,,232:17:0,paint
691,,232:17:0,paint
692,,232:17:0,paint
693,,232:17:0,paint
694,,232:17:0,paint
695,,232:17:0,paint
696,,232:17:0,paint
697,,232:17:0,paint
698,,232:17:0,paint
699,,232:17:0,paint
700,,232:17:0,paint
701,,232:17:0,paint
702,,232:17:0,paint
703,,232:17:0,paint
704,,232:17:0,paint
705,,232:17:0,paint
706,,232:17:0,paint
707,,232:17:0,paint
708,,232:17:0,paint
709,,232:17:0,paint
710,,232:17:0,paint
711,,232:17:0,paint
712,,232:17:0,paint
713,,232:17:0,paint
714,,232:17:0,paint
715,,232:17:0,paint
716,,232:17:0,paint
717,,232:17:0,paint
718,,232:17:0,paint
719,,232:17:0,paint
720,,232:17:0,paint
721,,232:17:0,paint
722,,232:17:0,paint
723,,232:17:0,paint
724,,232:17:0,paint
725,,232:17:0,paint
726,,232:17:0,paint
727,,232:17:0,paint
728,,232:17:0,paint
729,,232:17:0,paint
730,,232:17:0,paint
731,,232:17:0,paint
732,,232:17:0,paint
733,,232:17:0,paint
734,,232:17:0,paint
735,,232:17:0,paint
736,,232:17:0,paint
737,,232:17:0,paint
738,,232:17:0,paint
739,,232:17:0,paint
740,,232:17:0,paint
741,,232:17:0,paint
742,,232:17:0,paint
743,,232:17:0,paint
744,,232:17:0,paint
745,,232:17:0,paint
746,,232:17:0,paint
747,,232:17:0,paint
748,,232:17:0,paint
749,,232:17:0,paint
750,,232:17:0,paint
751,,232:17:0,paint
752,,232:17:0,paint
753,,232:17:0,paint
754,,232:17:0,paint
755,,232:17:0,paint
756,,232:17:0,paint
757,,232:17:0,paint
758,,232:17:0,paint
759,,232:17:0,paint
760,,232:17:0,paint
761,,232:17:0,paint
762,,232:17:0,paint
763,,232:17:0,paint
764,,232:17:0,paint
765,,232:17:0,paint
766,,232:17:0,paint
767,,232:17:0,paint
768,,232:17:0,paint
769,,232:17:0,paint
770,,232:17:0,paint
771,,232:17:0,paint
772,,232:17:0,paint
773,,232:17:0,paint
774,,232:17:0,paint
775,,232:17:0,paint
776,,232:17:0,paint
777,,232:17:0,paint
778,,232:17:0,paint
779,,232:17:0,paint
780,,232:17:0,paint
781,,232:17:0,paint
782,,232:17:0,paint
783,,232:17:0,paint
784,,232:17:0,paint
785,,232:17:0,paint
786,,232:17:0,paint
787,,232:17:0,paint
788,,232:17:0,paint
789,,232:17:0,paint
790,,232:17:0,paint
791,,232:17:0,paint
792,,232:17:0,paint
793,,232:17:0,paint
794,,232:17:0,paint
795,,232:17:0,paint
796,,232:17:0,paint
797,,232:17:0,paint
798,,232:17:0,paint
799,,232:17:0,paint
800,,232:17:0,paint
801,,232:17:0,paint
802,,232:17:0,paint
803,,232:17:0,paint
804,,232:17:0,paint
805,,232:17:0,paint
806,,232:17:0,paint
807,,232:17:0,paint
808,,232:17:0,paint
809,,232:17:0,paint
810,,232:17:0,paint
811,,232:17:0,paint
812,,232:17:0,paint
813,,232:17:0,paint
814,,232:17:0,paint
815,,232:17:0,paint
816,,232:17:0,paint
817,,232:17:0,paint
818,,232:17:0,paint
819,,232:17:0,paint
820,,232:17:0,paint
821,,232:17:0,paint
822,,232:17:0,paint
823,,232:17:0,paint
824,,232:17:0,paint
825,,232:17:0,paint
826,,232:17:0,paint
827,,232:17:0,paint
828,,232:17:0,paint
829,,232:17:0,paint
830,,232:17:0,paint
831,,232:17:0,paint
832,,232:17:0,paint
833,,232:17:0,paint
834,,232:17:0,paint
835,,232:17:0,paint
836,,232:17:0,paint
837,,232:17:0,paint
838,,232:17:0,paint
839,,232:17:0,paint
840,,232:17:0,paint
841,,232:17:0,paint
842,,232:17:0,paint
843,,232:17:0,paint
844,,232:17:0,paint
845,,232:17:0,paint
846,,232:17:0,paint
847,,232:17:0,paint
848,,232:17:0,paint
849,,232:17:0,paint
850,,232:17:0,paint
851,,232:17:0,paint
852,,232:17:0,paint
853,,232:17:0,paint
854,,232:17:0,paint
855,,232:17:0,paint
856,,232:17:0,paint
857,,232:17:0,paint
858,,232:17:0,paint
859,,232:17:0,paint
860,,232:17:0,paint
861,,232:17:0,paint
862,,232:17:0,paint
863,,232:17:0,paint
864,,232:17:0,paint
865,,232:17:0,paint
866,,232:17:0,paint
867,,232:17:0,paint
868,,232:17:0,paint
869,,232:17:0,paint
870,,232:17:0,paint
871,,232:17:0,paint
872,,232:17:0,paint
873,,232:17:0,paint
874,,232:17:0,paint
875,,232:17:0,paint
876,,232:17:0,paint
877,,232:17:0,paint
878,,232:17:0,paint
879,,232:17:0,paint
880,,232:17:0,paint
881,,232:17:0,paint
882,,232:17:0,paint
883,,232:17:0,paint
884,,232:17:0,paint
885,,232:17:0,paint
886,,232:17:0,paint
887,,232:17:0,paint
888,,232:17:0,paint
889,,232:17:0,paint
890,,232:17:0,paint
891,,232:17:0,paint
892,,232:17:0,paint
893,,232:17:0,paint
894,,232:17:0,paint
895,,232:17:0,paint
896,,232:17:0,paint
897,,232:17:0,paint
898,,232:17:0,paint
899,,232:17:0,paint
900,,232:17:0,paint
901,,232:17:0,paint
902,,232:17:0,paint
903,,232:17:0,paint
904,,232:17:0,paint
905,,232:17:0,paint
906,,232:17:0,paint
907,,232:17:0,paint
908,,232:17:0,paint
909,,232:17:0,paint
910,,232:17:0,paint
911,,232:17:0,paint
912,,232:17:0,paint
913,,232:17:0,paint
914,,232:17:0,paint
915,,232:17:0,paint
916,,232:17:0,paint
917,,232:17:0,paint
918,,232:17:0,paint
919,,232:17:0,paint
920,,232:17:0,paint
921,,232:17:0,paint
922,,232:17:0,paint
923,,232:17:0,paint
924,,232:17:0,paint
925,,232:17:0,paint
926,,232:17:0,paint
927,,232:17:0,paint
928,,232:17:0,paint
929,,232:17:0,paint
930,,232:17:0,paint
931,,2:68,nib
932,,2:68,nib
933,,2:68,nib
934,,2:68,nib
935,,2:68,nib
936,,2:68,nib
937,,2:68,nib
938,,2:64,nib
939,,2:64,nib
940,,2:64,nib
941,,2:64,nib
942,,2:64,nib
943,,2:64,nib
944,,2:64,nib
945,,2:61,nib
946,,2:59,nib
947,,2:59,nib
948,,2:59,nib
949,,2:59,nib
950,,2:59,nib
951,,2:59,nib
952,,2:56,nib
953,,2:52,nib
954,,2:52,nib
955,,2:52,nib
956,,2:52,nib
957,,2:52,nib
958,,2:52,nib
959,,2:49,nib
960,,2:45,nib
961,,2:45,nib
962,,2:45,nib
963,,2:45,nib
964,,2:45,nib
965,,2:45,nib
966,,2:41,nib
967,,2:38,nib
968,,2:38,nib
969,,2:38,nib
970,,2:38,nib
971,,2:38,nib
972,,2:38,nib
973,,2:36,nib
974,,2:36,nib
975,,2:33,nib
976,,2:33,nib
977,,2:33,nib
978,,2:33,nib
979,,2:33,nib
980,,2:33,nib
981,,2:31,nib
982,,2:29,nib
983,,2:29,nib
984,,2:29,nib
985,,2:29,nib
986,,2:29,nib
987,,2:29,nib
988,,2:27,nib
989,,2:27,nib
990,,2:27,nib
991,,2:27,nib
992,,2:27,nib
993,,2:27,nib
994,,2:27,nib
995,,2:27,nib
996,,2:27,nib
997,,2:27,nib
998,,2:27,nib
999,,2:27,nib
1000,,2:27,nib
1001,,2:27,nib
1002,,2:27,nib
1003,,2:27,nib
1004,,2:27,nib
1005,,2:27,nib
1006,,2:27,nib
1007,,2:27,nib
1008,,2:27,nib
1009,,2:27,nib
1010,,2:27,nib
1011,,2:27,nib
1012,,2:27,nib
1013,,2:27,nib
1014,,2:27,nib
1015,,2:27,nib
1016,,2:27,nib
1017,,2:27,nib
1018,,2:27,nib
1019,,2:27,nib
1020,,2:27,nib
1021,,2:27,nib
1022,,2:27,nib
1023,,2:27,nib
1024,,2:27,nib
1025,,2:27,nib
1026,,2:27,nib
1027,,2:27,nib
1028,,2:27,nib
1029,,2:27,nib
1030,,2:27,nib
1031,,2:27,nib
1032,,2:27,nib
1033,,2:27,nib
1034,,2:27,nib
1035,,2:27,nib
1036,,2:27,nib
1037,,2:27,nib
1038,,2:27,nib
1039,,2:27,nib
1040,,2:27,nib
1041,,2:27,nib
1042,,2:27,nib
1043,,2:27,nib
1044,,2:27,nib
1045,,2:27,nib
1046,,2:27,nib
1047,,2:27,nib
1048,,2:27,nib
1049,,2:27,nib
1050,,2:27,nib
1051,,2:27,nib
1052,,2:27,nib
1053,,2:27,nib
1054,,2:27,nib
1055,,2:27,nib
1056,,2:27,nib
1057,,2:27,nib
1058,,2:27,nib
1059,,2:27,nib
1060,,2:27,nib
1061,,2:27,nib
1062,,2:27,nib
1063,,2:27,nib
1064,,2:27,nib
1065,,2:27,nib
1066,,2:27,nib
1067,,2:27,nib
1068,,2:27,nib
1069,,2:27,nib
1070,,2:27,nib
1071,,2:27,nib
1072,,2:27,nib
1073,,2:27,nib
1074,,2:27,nib
1075,,2:27,nib
1076,,2:27,nib
1077,,2:27,nib
1078,,2:27,nib
1079,,2:27,nib
1080,,2:27,nib
1081,,2:27,nib
1082,,2:27,nib
1083,,2:27,nib
1084,,2:27,nib
1085,,2:27,nib
1086,,2:27,nib
1087,,2:27,nib
1088,,2:27,nib
1089,,2:27,nib
1090,,2:27,nib
1091,,2:27,nib
1092,,2:27,nib
1093,,2:27,nib
1094,,2:27,nib
1095,,2:27,nib
1096,,2:27,nib
1097,,2:27,nib
1098,,2:27,nib
1099,,2:27,nib
1100,,2:27,nib
1101,,2:27,nib
1102,,2:27,nib
1103,,2:27,nib
1104,,2:27,nib
1105,,2:27,nib
1106,,2:27,nib
1107,,2:27,nib
1108,,2:27,nib
1109,,2:27,nib
1110,,2:27,nib
1111,,2:27,nib
1112,,2:27,nib
1113,,2:27,nib
1114,,2:27,nib
1115,,2:27,nib
1116,,2:27,nib
1117,,2:27,nib
1118,,2:27,nib
1119,,2:27,nib
1120,,2:27,nib
1121,,2:27,nib
1122,,2:27,nib
1123,,2:27,nib
1124,,2:27,nib
1125,,2:27,nib
1126,,2:27,nib
1127,,2:27,nib
1128,,2:27,nib
1129,,2:27,nib
1130,,2:27,nib
1131,,2:27,nib
1132,,2:27,nib
1133,,2:27,nib
1134,,2:27,nib
1135,,2:27,nib
1136,,2:27,nib
1137,,2:27,nib
1138,,2:27,nib
1139,,2:27,nib
1140,,2:27,nib
1141,,2:27,nib
1142,,2:27,nib
1143,,2:27,nib
1144,,2:27,nib
1145,,2:27,nib
1146,,2:27,nib
1147,,2:27,nib
1148,,2:27,nib
1149,,2:27,nib
1150,,2:27,nib
1151,,2:27,nib
1152,,2:27,nib
1153,,2:27,nib
1154,,2:27,nib
1155,,2:27,nib
1156,,2:27,nib
1157,,2:27,nib
1158,,2:27,nib
1159,,2:27,nib
1160,,2:27,nib
1161,,2:27,nib
1162,,2:27,nib
1163,,2:27,nib
1164,,2:27,nib
1165,,2:27,nib
1166,,2:27,nib
1167,,2:27,nib
1168,,2:27,nib
1169,,2:27,nib
1170,,2:27,nib
1171,,2:27,nib
1172,,2:27,nib
1173,,2:27,nib
1174,,2:27,nib
1175,,2:27,nib
1176,,2:27,nib
1177,,2:27,nib
1178,,2:27,nib
1179,,2:27,nib
1180,,2:27,nib
1181,,2:27,nib
1182,,2:27,nib
1183,,2:27,nib
1184,,2:27,nib
1185,,2:27,nib
1186,,2:27,nib
1187,,2:27,nib
1188,,2:27,nib
1189,,2:27,nib
1190,,2:27,nib
1191,,2:27,nib
1192,,2:27,nib
1193,,2:27,nib
1194,,2:27,nib
1195,,2:27,nib
1196,,2:27,nib
1197,,2:27,nib
1198,,2:27,nib
1199,,2:27,nib
1200,,2:27,nib
1201,,2:27,nib
1202,,2:27,nib
1203,,2:27,nib
1204,,2:27,nib
1205,,2:27,nib
1206,,2:27,nib
1207,,2:27,nib
1208,,2:27,nib
1209,,2:27,nib
1210,,2:27,nib
1211,,2:27,nib
1212,,2:27,nib
1213,,2:27,nib
1214,,2:27,nib
1215,,2:27,nib
1216,,2:27,nib
1217,,2:27,nib
1218,,2:27,nib
1219,,2:27,nib
1220,,2:27,nib
1221,,2:27,nib
1222,,2:27,nib
1223,,2:27,nib
1224,,2:27,nib
1225,,2:27,nib
1226,,2:27,nib
1227,,2:27,nib
1228,,2:27,nib
1229,,2:27,nib
1230,,2:27,nib
1231,,2:27,nib
1232,,2:27,nib
1233,,2:27,nib
1234,,2:27,nib
1235,,2:27,nib
1236,,2:27,nib
1237,,2:27,nib
1238,,2:27,nib
1239,,2:27,nib
1240,,2:27,nib
1241,,2:27,nib
1242,,2:27,nib
1243,,2:27,nib
1244,,2:27,nib
1245,,2:27,nib
1246,,2:27,nib
1247,,2:27,nib
1248,,2:27,nib
1249,,2:27,nib
1250,,2:27,nib
1251,,2:27,nib
1252,,2:27,nib
1253,,2:27,nib
1254,,2:27,nib
1255,,2:27,nib
1256,,2:27,nib
1257,,2:27,nib
1258,,2:27,nib
1259,,2:27,nib
1260,,2:27,nib
1261,,2:27,nib
1262,,2:27,nib
1263,,2:27,nib
1264,,2:27,nib
1265,,2:27,nib
1266,,2:27,nib
1267,,2:27,nib
1268,,2:27,nib
1269,,2:27,nib
1270,,2:27,nib
1271,,2:27,nib
1272,,2:27,nib
1273,,2:27,nib
1274,,2:27,nib
1275,,2:27,nib
1276,,2:27,nib
1277,,2:27,nib
1278,,2:27,nib
1279,,2:27,nib
1280,,2:27,nib
1281,,2:27,nib
1282,,2:27,nib
1283,,2:27,nib
1284,,2:27,nib
1285,,2:27,nib
1286,,2:27,nib
1287,,2:27,nib
1288,,2:27,nib
1289,,2:27,nib
1290,,2:27,nib
1291,,2:27,nib
1292,,2:27,nib
1293,,2:27,nib
1294,,2:27,nib
1295,,2:27,nib
1296,,2:27,nib
1297,,2:27,nib
1298,,2:27,nib
1299,,2:27,nib
1300,,2:27,nib
1301,,2:27,nib
1302,,2:27,nib
1303,,2:27,nib
1304,,2:27,nib
1305,,2:27,nib
1306,,2:27,nib
1307,,2:27,nib
1308,,2:27,nib
1309,,2:27,nib
1310,,2:27,nib
1311,,2:27,nib
1312,,2:27,nib
1313,,2:27,nib
1314,,2:27,nib
1315,,2:27,nib
1316,,2:27,nib
1317,,2:27,nib
1318,,2:27,nib
1319,,2:27,nib
1320,,2:27,nib
1321,,2:27,nib
1322,,2:27,nib
1323,,2:27,nib
1324,,2:27,nib
1325,,2:27,nib
1326,,2:27,nib
1327,,2:27,nib
1328,,2:27,nib
1329,,2:27,nib
1330,,2:27,nib
1331,,2:27,nib
1332,,2:27,nib
1333,,2:27,nib
1334,,2:27,nib
1335,,2:27,nib
1336,,2:27,nib
1337,,2:27,nib
1338,,2:27,nib
1339,,2:27,nib
1340,,2:27,nib
1341,,2:27,nib
1342,,2:27,nib
1343,,2:27,nib
1344,,2:27,nib
1345,,2:27,nib
1346,,2:27,nib
1347,,2:27,nib
1348,,2:27,nib
1349,,2:27,nib
1350,,2:27,nib
1351,,2:27,nib
1352,,2:27,nib
1353,,2:27,nib
1354,,2:27,nib
1355,,2:27,nib
1356,,2:27,nib
1357,,2:27,nib
1358,,2:27,nib
1359,,2:27,nib
1360,,2:27,nib
1361,,2:27,nib
1362,,2:27,nib
1363,,2:27,nib
1364,,2:27,nib
1365,,2:27,nib
1366,,2:27,nib
1367,,2:27,nib
1368,,2:27,nib
1369,,2:27,nib
1370,,2:27,nib
1371,,2:27,nib
1372,,2:27,nib
1373,,2:27,nib
1374,,2:27,nib
1375,,2:27,nib
1376,,2:27,nib
1377,,2:27,nib
1378,,2:27,nib
1379,,2:27,nib
1380,,2:27,nib
1381,,2:27,nib
1382,,2:27,nib
1383,,2:27,nib
1384,,2:27,nib
1385,,2:27,nib
1386,,2:27,nib
1387,,2:27,nib
1388,,2:27,nib
1389,,2:27,nib
1390,,2:27,nib
1391,,2:27,nib
1392,,2:27,nib
1393,,2:27,nib
1394,,2:27,nib
1395,,2:27,nib
1396,,2:27,nib
1397,,2:27,nib
1398,,2:27,nib
1399,,2:27,nib
1400,,2:27,nib
1401,,2:27,nib
1402,,2:27,nib
1403,,2:27,nib
1404,,2:27,nib
1405,,2:27,nib
1406,,2:27,nib
1407,,2:27,nib
1408,,2:27,nib
1409,,2:27,nib
1410,,2:27,nib
1411,,2:27,nib
1412,,2:27,nib
1413,,2:27,nib
1414,,2:27,nib
1415,,2:27,nib
1416,,2:27,nib
1417,,2:27,nib
1418,,2:27,nib
1419,,2:27,nib
1420,,2:27,nib
1421,,2:27,nib
1422,,2:27,nib
1423,,2:27,nib
1424,,2:27,nib
1425,,2:27,nib
1426,,2:27,nib
1427,,2:27,nib
1428,,2:27,nib
1429,,2:27,nib
1430,,2:27,nib
1431,,2:27,nib
1432,,2:27,nib
1433,,2:27,nib
1434,,2:27,nib
1435,,2:27,nib
1436,,2:27,nib
1437,,2:27,nib
1438,,2:27,nib
1439,,2:27,nib
1440,,2:27,nib
1441,,2:27,nib
1442,,2:27,nib
1443,,2:27,nib
1444,,2:27,nib
1445,,2:27,nib
1446,,2:27,nib
1447,,2:27,nib
1448,,2:27,nib
1449,,2:27,nib
1450,,2:27,nib
1451,,2:27,nib
1452,,2:27,nib
1453,,2:27,nib
1454,,2:27,nib
1455,,2:27,nib
1456,,2:27,nib
1457,,2:27,nib
1458,,2:27,nib
1459,,2:27,nib
1460,,2:27,nib
1461,,2:27,nib
1462,,2:27,nib
1463,,2:27,nib
1464,,2:27,nib
1465,,2:27,nib
1466,,2:27,nib
1467,,2:27,nib
1468,,2:27,nib
1469,,2:27,nib
1470,,2:27,nib
1471,,2:27,nib
1472,,2:27,nib
1473,,2:27,nib
1474,,2:27,nib
1475,,2:27,nib
1476,,2:27,nib
1477,,2:27,nib
1478,,2:27,nib
1479,,2:27,nib
1480,,2:27,nib
1481,,2:27,nib
1482,,2:27,nib
1483,,2:27,nib
1484,,2:27,nib
1485,,2:27,nib
1486,,2:27,nib
1487,,2:27,nib
1488,,2:27,nib
1489,,2:27,nib
1490,,2:27,nib
1491,,2:27,nib
1492,,2:27,nib
1493,,2:27,nib
1494,,2:27,nib
1495,,2:27,nib
1496,,2:27,nib
1497,,2:27,nib
1498,,2:27,nib
1499,,2:27,nib
1500,,2:27,nib
1501,,2:27,nib
1502,,2:27,nib
1503,,2:27,nib
1504,,2:27,nib
1505,,2:27,nib
1506,,2:27,nib
1507,,2:27,nib
1508,,2:27,nib
1509,,2:27,nib
1510,,2:27,nib
1511,,2:27,nib
1512,,2:27,nib
1513,,2:27,nib
1514,,2:27,nib
1515,,2:27,nib
1516,,2:27,nib
1517,,2:27,nib
1518,,2:27,nib
1519,,2:27,nib
1520,,2:27,nib
1521,,2:27,nib
1522,,2:27,nib
1523,,2:27,nib
1524,,2:27,nib
1525,,2:27,nib
1526,,2:27,nib
1527,,2:27,nib
1528,,2:27,nib
1529,,2:27,nib
1530,,2:27,nib
1531,,2:27,nib
1532,,2:27,nib
1533,,2:27,nib
1534,,2:27,nib
1535,,2:27,nib
1536,,2:27,nib
1537,,2:27,nib
1538,,2:27,nib
1539,,2:27,nib
1540,,2:27,nib
1541,,2:27,nib
1542,,2:27,nib
1543,,2:27,nib
1544,,2:27,nib
1545,,2:27,nib
1546,,2:27,nib
1547,,2:27,nib
1548,,2:27,nib
1549,,2:27,nib
1550,,2:27,nib
1551,,2:27,nib
1552,,2:27,nib
1553,,2:27,nib
1554,,2:27,nib
1555,,2:27,nib
1556,,2:27,nib
1557,,2:27,nib
1558,,2:27,nib
1559,,2:27,nib
1560,,2:27,nib
1561,,2:27,nib
1562,,2:27,nib
1563,,2:27,nib
1564,,2:27,nib
1565,,2:27,nib
1566,,2:27,nib
1567,,2:27,nib
1568,,2:27,nib
1569,,2:27,nib
1570,,2:27,nib
1571,,2:27,nib
1572,,2:27,nib
1573,,2:27,nib
1574,,2:27,nib
1575,,2:27,nib
1576,,2:27,nib
1577,,2:27,nib
1578,,2:27,nib
1579,,2:27,nib
1580,,2:27,nib
1581,,2:27,nib
1582,,2:27,nib
1583,,0:66,nib
1584,,0:66,nib
1585,,0:66,nib
1586,,0:66,nib
1587,,0:66,nib
1588,,0:66,nib
1589,,0:63,nib
1590,,0:60,nib
1591,,0:60,nib
1592,,0:60,nib
1593,,0:60,nib
1594,,0:60,nib
1595,,0:60,nib
1596,,0:57,nib
1597,,0:53,nib
1598,,0:53,nib
1599,,0:53,nib
1600,,0:53,nib
1601,,0:53,nib
1602,,0:53,nib
1603,,0:53,nib
1604,,0:46,nib
1605,,0:46,nib
1606,,0:46,nib
1607,,0:46,nib
1608,,0:46,nib
1609,,0:46,nib
1610,,0:46,nib
1611,,0:40,nib
1612,,0:40,nib
1613,,0:40,nib
1614,,0:40,nib
1615,,0:40,nib
1616,,0:40,nib
1617,,0:40,nib
1618,,0:38,nib
1619,,0:37,nib
1620,,0:37,nib
1621,,0:37,nib
1622,,0:37,nib
1623,,0:37,nib
1624,,0:37,nib
1625,,0:36,nib
1626,,0:36,nib
1627,,0:36,nib
1628,,0:36,nib
1629,,0:36,nib
1630,,0:36,nib
1631,,0:36,nib
1632,,0:36,nib
1633,,0:36,nib
1634,,0:36,nib
1635,,0:36,nib
1636,,0:36,nib
1637,,0:36,nib
1638,,0:36,nib
1639,,0:36,nib
1640,,0:36,nib
1641,,0:36,nib
1642,,0:36,nib
1643,,0:36,nib
1644,,0:36,nib
1645,,0:36,nib
1646,,0:36,nib
1647,,0:36,nib
1648,,0:36,nib
1649,,0:36,nib
1650,,0:36,nib
1651,,0:36,nib
1652,,0:36,nib
1653,,0:36,nib
1654,,0:36,nib
1655,,0:36,nib
1656,,0:36,nib
1657,,0:36,nib
1658,,0:36,nib
1659,,0:36,nib
1660,,0:36,nib
1661,,0:36,nib
1662,,0:36,nib
1663,,0:36,nib
1664,,0:36,nib
1665,,0:36,nib
1666,,0:36,nib
1667,,0:36,nib
1668,,0:36,nib
1669,,0:36,nib
1670,,0:36,nib
1671,,0:36,nib
1672,,0:36,nib
1673,,0:36,nib
1674,,0:36,nib
1675,,0:36,nib
1676,,0:36,nib
1677,,0:36,nib
1678,,0:36,nib
1679,,0:36,nib
1680,,0:36,nib
1681,,0:36,nib
1682,,0:36,nib
1683,,0:36,nib
1684,,0:36,nib
1685,,0:36,nib
1686,,0:36,nib
1687,,0:36,nib
1688,,0:36,nib
1689,,0:36,nib
1690,,0:36,nib
1691,,0:36,nib
1692,,0:36,nib
1693,,0:36,nib
1694,,0:36,nib
1695,,0:36,nib
1696,,0:36,nib
1697,,0:36,nib
1698,,0:36,nib
1699,,0:36,nib
1700,,0:36,nib
1701,,0:36,nib
1702,,0:36,nib
1703,,0:36,nib
1704,,0:36,nib
1705,,0:36,nib
1706,,0:36,nib
1707,,0:36,nib
1708,,0:36,nib
1709,,0:36,nib
1710,,0:36,nib
1711,,0:36,nib
1712,,0:36,nib
1713,,0:36,nib
1714,,0:36,nib
1715,,0:36,nib
1716,,0:36,nib
1717,,0:36,nib
1718,,0:36,nib
1719,,0:36,nib
1720,,0:36,nib
1721,,0:36,nib
1722,,0:36,nib
1723,,0:36,nib
1724,,0:36,nib
1725,,0:36,nib
1726,,0:36,nib
1727,,0:36,nib
1728,,0:36,nib
1729,,0:36,nib
1730,,0:36,nib
1731,,0:36,nib
1732,,0:36,nib
1733,,0:36,nib
1734,,0:36,nib
1735,,0:36,nib
1736,,0:36,nib
1737,,0:36,nib
1738,,0:36,nib
1739,,0:36,nib
1740,,0:36,nib
1741,,0:36,nib
1742,,0:36,nib
1743,,0:36,nib
1744,,0:36,nib
1745,,0:36,nib
1746,,0:36,nib
1747,,0:36,nib
1748,,0:36,nib
1749,,0:36,nib
1750,,0:36,nib
1751,,0:36,nib
1752,,0:36,nib
1753,,0:36,nib
1754,,0:36,nib
1755,,0:36,nib
1756,,0:36,nib
1757,,0:36,nib
1758,,0:36,nib
1759,,0:36,nib
1760,,0:36,nib
1761,,0:36,nib
1762,,0:36,nib
1763,,0:36,nib
1764,,0:36,nib
1765,,0:36,nib
1766,,0:36,nib
1767,,0:36,nib
1768,,0:36,nib
1769,,0:36,nib
1770,,0:36,nib
1771,,0:36,nib
1772,,0:36,nib
1773,,0:36,nib
1774,,0:36,nib
1775,,0:36,nib
1776,,0:36,nib
1777,,0:36,nib
1778,,0:36,nib
1779,,0:36,nib
1780,,0:36,nib
1781,,0:36,nib
1782,,0:36,nib
1783,,0:36,nib
1784,,0:36,nib
1785,,0:36,nib
1786,,0:36,nib
1787,,0:36,nib
1788,,0:36,nib
1789,,0:36,nib
1790,,0:36,nib
1791,,0:36,nib
1792,,0:36,nib
1793,,0:36,nib
1794,,0:36,nib
1795,,0:36,nib
1796,,0:36,nib
1797,,0:36,nib
1798,,0:36,nib
1799,,0:36,nib
1800,,0:36,nib
1801,,0:36,nib
1802,,0:36,nib
1803,,0:36,nib
1804,,0:36,nib
1805,,0:36,nib
1806,,0:36,nib
1807,,0:36,nib
1808,,0:36,nib
1809,,0:36,nib
1810,,0:36,nib
1811,,0:36,nib
1812,,0:36,nib
1813,,0:36,nib
1814,,0:36,nib
1815,,0:36,nib
1816,,0:36,nib
1817,,0:36,nib
1818,,0:36,nib
1819,,0:36,nib
1820,,0:36,nib
1821,,0:36,nib
1822,,0:36,nib
1823,,0:36,nib
1824,,0:36,nib
1825,,0:36,nib
1826,,0:36,nib
1827,,0:36,nib
1828,,0:36,nib
1829,,0:36,nib
1830,,0:36,nib
1831,,0:36,nib
1832,,0:36,nib
1833,,0:36,nib
1834,,0:36,nib
1835,,0:36,nib
1836,,0:36,nib
1837,,0:36,nib
1838,,0:36,nib
1839,,0:36,nib
1840,,0:36,nib
1841,,0:36,nib
1842,,0:36,nib
1843,,0:36,nib
1844,,0:36,nib
1845,,0:36,nib
1846,,0:36,nib
1847,,0:36,nib
1848,,0:36,nib
1849,,0:36,nib
1850,,0:36,nib
1851,,0:36,nib
1852,,0:36,nib
1853,,0:36,nib
1854,,0:36,nib
1855,,0:36,nib
1856,,0:36,nib
1857,,0:36,nib
1858,,0:36,nib
1859,,0:36,nib
1860,,0:36,nib
1861,,0:36,nib
1862,,0:36,nib
1863,,0:36,nib
1864,,0:36,nib
1865,,0:36,nib
1866,,0:36,nib
1867,,0:36,nib
1868,,0:36,nib
1869,,0:36,nib
1870,,0:36,nib
1871,,0:36,nib
1872,,0:36,nib
1873,,0:36,nib
1874,,0:36,nib
1875,,0:36,nib
1876,,0:36,nib
1877,,0:36,nib
1878,,0:36,nib
1879,,0:36,nib
1880,,0:36,nib
1881,,0:36,nib
1882,,0:36,nib
1883,,0:36,nib
1884,,0:36,nib
1885,,0:36,nib
1886,,0:36,nib
1887,,0:36,nib
1888,,0:36,nib
1889,,0:36,nib
1890,,0:36,nib
1891,,0:36,nib
1892,,0:36,nib
1893,,0:36,nib
1894,,0:36,nib
1895,,0:36,nib
1896,,0:36,nib
1897,,0:36,nib
1898,,0:36,nib
1899,,0:36,nib
1900,,0:36,nib
1901,,0:36,nib
1902,,0:36,nib
1903,,0:36,nib
1904,,0:36,nib
1905,,0:36,nib
1906,,0:36,nib
1907,,0:36,nib
1908,,0:36,nib
1909,,0:36,nib
1910,,0:36,nib
1911,,0:36,nib
1912,,0:36,nib
1913,,0:36,nib
1914,,0:36,nib
1915,,0:36,nib
1916,,0:36,nib
1917,,0:36,nib
1918,,0:36,nib
1919,,0:36,nib
1920,,0:36,nib
1921,,0:36,nib
1922,,0:36,nib
1923,,0:36,nib
1924,,0:36,nib
1925,,0:36,nib
1926,,0:36,nib
1927,,0:36,nib
1928,,0:36,nib
1929,,0:36,nib
1930,,0:36,nib
1931,,0:36,nib
1932,,0:36,nib
1933,,0:36,nib
1934,,0:36,nib
1935,,0:36,nib
1936,,0:36,nib
1937,,0:36,nib
1938,,0:36,nib
1939,,0:36,nib
1940,,0:36,nib
1941,,0:36,nib
1942,,0:36,nib
1943,,0:36,nib
1944,,0:36,nib
1945,,0:36,nib
1946,,0:36,nib
1947,,0:36,nib
1948,,0:36,nib
1949,,0:36,nib
1950,,0:36,nib
1951,,0:36,nib
1952,,232:17:0,paint
1953,,232:17:0,paint
1954,,232:17:0,paint
1955,,232:17:0,paint
1956,,232:17:0,paint
1957,,232:17:0,paint
1958,,232:17:0,paint
1959,,232:17:0,paint
1960,,232:17:0,paint
1961,,232:17:0,paint
1962,,232:17:0,paint
1963,,232:17:0,paint
1964,,232:17:0,paint
1965,,232:17:0,paint
1966,,232:17:0,paint
1967,,232:17:0,paint
1968,,232:17:0,paint
1969,,232:17:0,paint
1970,,232:17:0,paint
1971,,232:17:0,paint
1972,,232:17:0,paint
1973,,232:17:0,paint
1974,,232:17:0,paint
1975,,232:17:0,paint
1976,,232:17:0,paint
1977,,232:17:0,paint
1978,,232:17:0,paint
1979,,232:17:0,paint
1980,,232:17:0,paint
1981,,232:17:0,paint
1982,,232:17:0,paint
1983,,232:17:0,paint
1984,,232:17:0,paint
1985,,232:17:0,paint
1986,,232:17:0,paint
1987,,232:17:0,paint
1988,,232:17:0,paint
1989,,232:17:0,paint
1990,,232:17:0,paint
1991,,232:17:0,paint
1992,,232:17:0,paint
1993,,232:17:0,paint
1994,,232:17:0,paint
1995,,232:17:0,paint
1996,,232:17:0,paint
1997,,232:17:0,paint
1998,,232:17:0,paint
1999,,232:17:0,paint
2000,,232:17:0,paint
2001,,232:17:0,paint
2002,,232:17:0,paint
2003,,232:17:0,paint
2004,,232:17:0,paint
2005,,232:17:0,paint
2006,,232:17:0,paint
2007,,232:17:0,paint
2008,,232:17:0,paint
2009,,232:17:0,paint
2010,,232:17:0,paint
2011,,232:17:0,paint
2012,,232:17:0,paint
2013,,232:17:0,paint
2014,,232:17:0,paint
2015,,232:17:0,paint
2016,,232:17:0,paint
2017,,232:17:0,paint
2018,,232:17:0,paint
2019,,232:17:0,paint
2020,,232:17:0,paint
2021,,232:17:0,paint
2022,,232:17:0,paint
2023,,232:17:0,paint
2024,,232:17:0,paint
2025,,232:17:0,paint
2026,,232:17:0,paint
2027,,232:17:0,paint
2028,,232:17:0,paint
2029,,232:17:0,paint
2030,,232:17:0,paint
2031,,232:17:0,paint
2032,,232:17:0,paint
2033,,232:17:0,paint
2034,,232:17:0,paint
2035,,232:17:0,paint
2036,,232:17:0,paint
2037,,232:17:0,paint
2038,,232:17:0,paint
2039,,232:17:0,paint
2040,,232:17:0,paint
2041,,232:17:0,paint
2042,,11:11:0,paint
2043,,42:18:0,paint
2044,,42:18:0,paint
2045,,42:18:0,paint
2046,,42:18:0,paint
2047,,42:18:0,paint
2048,,42:18:0,paint
2049,,42:18:0,paint
2050,,42:18:0,paint
2051,,42:18:0,paint
2052,,42:18:0,paint
2053,,42:18:0,paint
2054,,42:18:0,paint
2055,,42:18:0,paint
2056,,42:18:0,paint
2057,,42:18:0,paint
2058,,42:18:0,paint
2059,,42:18:0,paint
2060,,42:18:0,paint
2061,,42:18:0,paint
2062,,42:18:0,paint
2063,,42:18:0,paint
2064,,42:18:0,paint
2065,,42:18:0,paint
2066,,42:18:0,paint
2067,,42:18:0,paint
2068,,42:18:0,paint
2069,,42:18:0,paint
2070,,42:18:0,paint
2071,,42:18:0,paint
2072,,42:18:0,paint
2073,,42:18:0,paint
2074,,42:18:0,paint
2075,,42:18:0,paint
2076,,42:18:0,paint
2077,,42:18:0,paint
2078,,42:18:0,paint
2079,,42:18:0,paint
2080,,42:18:0,paint
2081,,42:18:0,paint
2082,,42:18:0,paint
2083,,42:18:0,paint
2084,,42:18:0,paint
2085,,42:18:0,paint
2086,,42:18:0,paint
2087,,42:18:0,paint
2088,,42:18:0,paint
2089,,42:18:0,paint
2090,,42:18:0,paint
2091,,42:18:0,paint
2092,,42:18:0,paint
2093,,42:18:0,paint
2094,,42:18:0,paint
2095,,42:18:0,paint
2096,,42:18:0,paint
2097,,42:18:0,paint
2098,,42:18:0,paint
2099,,42:18:0,paint
2100,,42:18:0,paint
2101,,42:18:0,paint
2102,,42:18:0,paint
2103,,42:18:0,paint
2104,,42:18:0,paint
2105,,42:18:0,paint
2106,,42:18:0,paint
2107,,42:18:0,paint
2108,,42:18:0,paint
2109,,42:18:0,paint
2110,,42:18:0,paint
2111,,42:18:0,paint
2112,,42:18:0,paint
2113,,42:18:0,paint
2114,,42:18:0,paint
2115,,42:18:0,paint
2116,,42:18:0,paint
2117,,42:18:0,paint
2118,,42:18:0,paint
2119,,42:18:0,paint
2120,,42:18:0,paint
2121,,42:18:0,paint
2122,,42:18:0,paint
2123,,42:18:0,paint
2124,,42:18:0,paint
2125,,42:18:0,paint
2126,,42:18:0,paint
2127,,42:18:0,paint
2128,,42:18:0,paint
2129,,42:18:0,paint
2130,,42:18:0,paint
2131,,42:18:0,paint
2132,,42:18:0,paint
2133,,42:18:0,paint
2134,,35:15:0,paint
2135,,35:15:0,paint
2136,,35:15:0,paint
2137,,35:15:0,paint
2138,,35:15:0,paint
2139,,35:15:0,paint
2140,,35:15:0,paint
2141,,35:16:0,paint
2142,,35:16:0,paint
2143,,35:16:0,paint
2144,,35:16:0,paint
2145,,35:16:0,paint
2146,,35:16:0,paint
2147,,35:16:0,paint
2148,,43:23:0,paint
2149,,43:23:0,paint
2150,,43:23:0,paint
2151,,43:23:0,paint
2152,,43:23:0,paint
2153,,43:23:0,paint
2154,,43:23:0,paint
2155,,56:34:0,paint
2156,,56:34:0,paint
2157,,56:34:0,paint
2158,,56:34:0,paint
2159,,56:34:0,paint
2160,,56:34:0,paint
2161,,56:34:0,paint
2162,,69:43:0,paint
2163,,69:43:0,paint
2164,,69:43:0,paint
2165,,69:43:0,paint
2166,,69:43:0,paint
2167,,69:43:0,paint
2168,,74:46:0,paint
2169,,74:46:0,paint
2170,,74:46:0,paint
2171,,74:46:0,paint
2172,,74:46:0,paint
2173,,74:46:0,paint
2174,,74:46:0,paint
2175,,92:53:0,paint
2176,,92:53:0,paint
2177,,92:53:0,paint
2178,,92:53:0,paint
2179,,92:53:0,paint
2180,,92:53:0,paint
2181,,92:53:0,paint
2182,,110:58:0,paint
2183,,110:58:0,paint
2184,,110:58:0,paint
2185,,110:58:0,paint
2186,,110:58:0,paint
2187,,110:58:0,paint
2188,,110:75:0,paint
2189,,139:66:0,paint
2190,,139:66:0,paint
2191,,139:66:0,paint
2192,,139:66:0,paint
2193,,139:66:0,paint
2194,,139:66:0,paint
2195,,107:58:0,paint
2196,,170:77:0,paint
2197,,170:77:0,paint
2198,,170:77:0,paint
2199,,170:77:0,paint
2200,,170:77:0,paint
2201,,170:77:0,paint
2202,,121:61:0,paint
2203,,187:82:0,paint
2204,,187:82:0,paint
2205,,187:82:0,paint
2206,,187:82:0,paint
2207,,187:82:0,paint
2208,,187:82:0,paint
2209,,195:86:0,paint
2210,,195:86:0,paint
2211,,195:86:0,paint
2212,,195:86:0,paint
2213,,195:86:0,paint
2214,,195:86:0,paint
2215,,195:86:0,paint
2216,,199:87:0,paint
2217,,199:87:0,paint
2218,,199:87:0,paint
2219,,199:87:0,paint
2220,,199:87:0,paint
2221,,199:87:0,paint
2222,,199:87:0,paint
2223,,199:87:0,paint
2224,,199:87:0,paint
2225,,199:87:0,paint
2226,,199:87:0,paint
2227,,199:87:0,paint
2228,,199:87:0,paint
2229,,199:87:0,paint
2230,,199:87:0,paint
2231,,199:87:0,paint
2232,,199:87:0,paint
2233,,199:87:0,paint
2234,,199:87:0,paint
2235,,199:87:0,paint
2236,,199:87:0,paint
2237,,199:87:0,paint
2238,,199:87:0,paint
2239,,199:87:0,paint
2240,,199:87:0,paint
2241,,199:87:0,paint
2242,,199:87:0,paint
2243,,199:87:0,paint
2244,,199:87:0,paint
2245,,199:87:0,paint
2246,,199:87:0,paint
2247,,199:87:0,paint
2248,,199:87:0,paint
2249,,199:87:0,paint
2250,,199:87:0,paint
2251,,199:87:0,paint
2252,,199:87:0,paint
2253,,199:87:0,paint
2254,,199:87:0,paint
2255,,199:87:0,paint
2256,,199:87:0,paint
2257,,199:87:0,paint
2258,,199:87:0,paint
2259,,199:87:0,paint
2260,,199:87:0,paint
2261,,199:87:0,paint
2262,,199:87:0,paint
2263,,215:97:0,paint
2264,,215:97:0,paint
2265,,215:97:0,paint
2266,,215:97:0,paint
2267,,215:97:0,paint
2268,,215:97:0,paint
2269,,179:96:0,paint
2270,,223:102:0,paint
2271,,223:102:0,paint
2272,,223:102:0,paint
2273,,223:102:0,paint
2274,,223:102:0,paint
2275,,223:102:0,paint
2276,,167:85:0,paint
2277,,227:104:0,paint
2278,,227:104:0,paint
2279,,227:104:0,paint
2280,,227:104:0,paint
2281,,227:104:0,paint
2282,,227:104:0,paint
2283,,227:104:0,paint
2284,,227:104:0,paint
2285,,227:104:0,paint
2286,,227:104:0,paint
2287,,227:104:0,paint
2288,,227:104:0,paint
2289,,227:104:0,paint
2290,,227:104:0,paint
2291,,227:104:0,paint
2292,,227:104:0,paint
2293,,227:104:0,paint
2294,,227:104:0,paint
2295,,227:104:0,paint
2296,,227:104:0,paint
2297,,227:104:0,paint
2298,,227:104:0,paint
2299,,227:104:0,paint
2300,,227:104:0,paint
2301,,227:104:0,paint
2302,,227:104:0,paint
2303,,227:104:0,paint
2304,,227:104:0,paint
2305,,227:104:0,paint
2306,,227:104:0,paint
2307,,227:104:0,paint
2308,,227:104:0,paint
2309,,227:104:0,paint
2310,,227:104:0,paint
2311,,227:104:0,paint
2312,,227:104:0,paint
2313,,227:104:0,paint
2314,,227:104:0,paint
2315,,227:104:0,paint
2316,,227:104:0,paint
2317,,227:104:0,paint
2318,,227:104:0,paint
2319,,227:104:0,paint
2320,,227:104:0,paint
2321,,227:104:0,paint
2322,,227:104:0,paint
2323,,227:104:0,paint
2324,,227:104:0,paint
2325,,227:104:0,paint
2326,,227:104:0,paint
2327,,227:104:0,paint
2328,,227:104:0,paint
2329,,227:104:0,paint
2330,,227:104:0,paint
2331,,227:104:0,paint
2332,,227:104:0,paint
2333,,227:104:0,paint
2334,,227:104:0,paint
2335,,227:104:0,paint
2336,,227:104:0,paint
2337,,227:104:0,paint
2338,,227:104:0,paint
2339,,227:104:0,paint
2340,,227:104:0,paint
2341,,227:104:0,paint
2342,,227:104:0,paint
2343,,227:104:0,paint
2344,,227:104:0,paint
2345,,227:104:0,paint
2346,,227:104:0,paint
2347,,227:104:0,paint
2348,,227:104:0,paint
2349,,227:104:0,paint
2350,,227:104:0,paint
2351,,227:104:0,paint
2352,,227:104:0,paint
2353,,227:104:0,paint
2354,,227:104:0,paint
2355,,227:104:0,paint
2356,,227:104:0,paint
2357,,227:104:0,paint
2358,,227:104:0,paint
2359,,227:104:0,paint
2360,,227:104:0,paint
2361,,227:104:0,paint
2362,,227:104:0,paint
2363,,227:104:0,paint
2364,,227:104:0,paint
2365,,227:104:0,paint
2366,,227:104:0,paint
2367,,227:104:0,paint
2368,,227:104:0,paint
2369,,227:104:0,paint
2370,,227:104:0,paint
2371,,227:104:0,paint
2372,,227:104:0,paint
2373,,227:104:0,paint
2374,,227:104:0,paint
2375,,227:104:0,paint
2376,,227:104:0,paint
2377,,227:104:0,paint
2378,,227:104:0,paint
2379,,227:104:0,paint
2380,,227:104:0,paint
2381,,227:104:0,paint
2382,,227:104:0,paint
2383,,227:104:0,paint
2384,,227:104:0,paint
2385,,227:104:0,paint
2386,,227:104:0,paint
2387,,227:104:0,paint
2388,,227:104:0,paint
2389,,227:104:0,paint
2390,,227:104:0,paint
2391,,227:104:0,paint
2392,,227:104:0,paint
2393,,227:104:0,paint
2394,,227:104:0,paint
2395,,227:104:0,paint
2396,,227:104:0,paint
2397,,227:104:0,paint
2398,,227:104:0,paint
2399,,227:104:0,paint
2400,,227:104:0,paint
2401,,227:104:0,paint
2402,,227:104:0,paint
2403,,227:104:0,paint
2404,,227:104:0,paint
2405,,227:104:0,paint
2406,,227:104:0,paint
2407,,227:104:0,paint
2408,,227:104:0,paint
2409,,227:104:0,paint
2410,,227:104:0,paint
2411,,227:104:0,paint
2412,,227:104:0,paint
2413,,227:104:0,paint
2414,,227:104:0,paint
2415,,227:104:0,paint
2416,,227:104:0,paint
2417,,227:104:0,paint
2418,,227:104:0,paint
2419,,227:104:0,paint
2420,,227:104:0,paint
2421,,227:104:0,paint
2422,,227:104:0,paint
2423,,227:104:0,paint
2424,,227:104:0,paint
2425,,227:104:0,paint
2426,,227:104:0,paint
2427,,227:104:0,paint
2428,,227:104:0,paint
2429,,227:104:0,paint
2430,,227:104:0,paint
2431,,227:104:0,paint
2432,,227:104:0,paint
2433,,227:104:0,paint
2434,,227:104:0,paint
2435,,227:104:0,paint
2436,,227:104:0,paint
2437,,227:104:0,paint
2438,,227:104:0,paint
2439,,227:104:0,paint
2440,,227:104:0,paint
2441,,227:104:0,paint
2442,,227:104:0,paint
2443,,227:104:0,paint
2444,,227:104:0,paint
2445,,227:104:0,paint
2446,,227:104:0,paint
2447,,227:104:0,paint
2448,,227:104:0,paint
2449,,227:104:0,paint
2450,,227:104:0,paint
2451,,227:104:0,paint
2452,,227:104:0,paint
2453,,227:104:0,paint
2454,,227:104:0,paint
2455,,227:104:0,paint
2456,,227:104:0,paint
2457,,227:104:0,paint
2458,,227:104:0,paint
2459,,227:104:0,paint
2460,,227:104:0,paint
2461,,227:104:0,paint
2462,,227:104:0,paint
2463,,227:104:0,paint
2464,,227:104:0,paint
2465,,227:104:0,paint
2466,,227:104:0,paint
2467,,227:104:0,paint
2468,,227:104:0,paint
2469,,227:104:0,paint
2470,,227:104:0,paint
2471,,227:104:0,paint
2472,,227:104:0,paint
2473,,227:104:0,paint
2474,,227:104:0,paint
2475,,227:104:0,paint
2476,,227:104:0,paint
2477,,227:104:0,paint
2478,,227:104:0,paint
2479,,227:104:0,paint
2480,,227:104:0,paint
2481,,227:104:0,paint
2482,,227:104:0,paint
2483,,227:104:0,paint
2484,,227:104:0,paint
2485,,227:104:0,paint
2486,,227:104:0,paint
2487,,227:104:0,paint
2488,,227:104:0,paint
2489,,227:104:0,paint
2490,,227:104:0,paint
2491,,227:104:0,paint
2492,,227:104:0,paint
2493,,227:104:0,paint
2494,,227:104:0,paint
2495,,227:104:0,paint
2496,,227:104:0,paint
2497,,227:104:0,paint
2498,,227:104:0,paint
2499,,227:104:0,paint
2500,,227:104:0,paint
2501,,227:104:0,paint
2502,,227:104:0,paint
2503,,227:104:0,paint
2504,,227:104:0,paint
2505,,227:104:0,paint
2506,,227:104:0,paint
2507,,227:104:0,paint
2508,,227:104:0,paint
2509,,227:104:0,paint
2510,,227:104:0,paint
2511,,227:104:0,paint
2512,,227:104:0,paint
2513,,227:104:0,paint
2514,,227:104:0,paint
2515,,227:104:0,paint
2516,,227:104:0,paint
2517,,227:104:0,paint
2518,,227:104:0,paint
2519,,227:104:0,paint
2520,,227:104:0,paint
2521,,227:104:0,paint
2522,,227:104:0,paint
2523,,227:104:0,paint
2524,,227:104:0,paint
2525,,227:104:0,paint
2526,,227:104:0,paint
2527,,227:104:0,paint
2528,,227:104:0,paint
2529,,227:104:0,paint
2530,,227:104:0,paint
2531,,227:104:0,paint
2532,,227:104:0,paint
2533,,227:104:0,paint
2534,,227:104:0,paint
2535,,227:104:0,paint
2536,,227:104:0,paint
2537,,227:104:0,paint
2538,,227:104:0,paint
2539,,227:104:0,paint
2540,,227:104:0,paint
2541,,227:104:0,paint
2542,,227:104:0,paint
2543,,227:104:0,paint
2544,,227:104:0,paint
2545,,227:104:0,paint
2546,,227:104:0,paint
2547,,227:104:0,paint
2548,,227:104:0,paint
2549,,227:104:0,paint
2550,,227:104:0,paint
2551,,227:104:0,paint
2552,,227:104:0,paint
2553,,227:104:0,paint
2554,,227:104:0,paint
2555,,227:104:0,paint
2556,,227:104:0,paint
2557,,227:104:0,paint
2558,,227:104:0,paint
2559,,227:104:0,paint
2560,,227:104:0,paint
2561,,227:104:0,paint
2562,,227:104:0,paint
2563,,227:104:0,paint
2564,,227:104:0,paint
2565,,227:104:0,paint
2566,,227:104:0,paint
2567,,227:104:0,paint
2568,,227:104:0,paint
2569,,227:104:0,paint
2570,,227:104:0,paint
2571,,227:104:0,paint
2572,,227:104:0,paint
2573,,227:104:0,paint
2574,,227:104:0,paint
2575,,227:104:0,paint
2576,,227:104:0,paint
2577,,227:104:0,paint
2578,,227:104:0,paint
2579,,227:104:0,paint
2580,,227:104:0,paint
2581,,227:104:0,paint
2582,,227:104:0,paint
2583,,227:104:0,paint
2584,,227:104:0,paint
2585,,227:104:0,paint
2586,,227:104:0,paint
2587,,227:104:0,paint
2588,,227:104:0,paint
2589,,227:104:0,paint
2590,,227:104:0,paint
2591,,227:104:0,paint
2592,,227:104:0,paint
2593,,227:104:0,paint
2594,,227:104:0,paint
2595,,227:104:0,paint
2596,,227:104:0,paint
2597,,227:104:0,paint
2598,,227:104:0,paint
2599,,227:104:0,paint
2600,,227:104:0,paint
2601,,227:104:0,paint
2602,,227:104:0,paint
2603,,227:104:0,paint
2604,,227:104:0,paint
2605,,227:104:0,paint
2606,,227:104:0,paint
2607,,227:104:0,paint
2608,,227:104:0,paint
2609,,227:104:0,paint
2610,,227:104:0,paint
2611,,227:104:0,paint
2612,,227:104:0,paint
2613,,227:104:0,paint
2614,,227:104:0,paint
2615,,227:104:0,paint
2616,,227:104:0,paint
2617,,227:104:0,paint
2618,,227:104:0,paint
2619,,227:104:0,paint
2620,,227:104:0,paint
2621,,227:104:0,paint
2622,,227:104:0,paint
2623,,227:104:0,paint
2624,,227:104:0,paint
2625,,227:104:0,paint
2626,,227:104:0,paint
2627,,227:104:0,paint
2628,,227:104:0,paint
2629,,227:104:0,paint
2630,,227:104:0,paint
2631,,227:104:0,paint
2632,,227:104:0,paint
2633,,227:104:0,paint
2634,,227:104:0,paint
2635,,227:104:0,paint
2636,,227:104:0,paint
2637,,227:104:0,paint
2638,,227:104:0,paint
2639,,227:104:0,paint
2640,,227:104:0,paint
2641,,227:104:0,paint
2642,,227:104:0,paint
2643,,227:104:0,paint
2644,,227:104:0,paint
2645,,227:104:0,paint
2646,,227:104:0,paint
2647,,227:104:0,paint
2648,,227:104:0,paint
2649,,227:104:0,paint
2650,,227:104:0,paint
2651,,227:104:0,paint
2652,,227:104:0,paint
2653,,227:104:0,paint
2654,,227:104:0,paint
2655,,227:104:0,paint
2656,,227:104:0,paint
2657,,227:104:0,paint
2658,,227:104:0,paint
2659,,227:104:0,paint
2660,,227:104:0,paint
2661,,227:104:0,paint
2662,,227:104:0,paint
2663,,227:104:0,paint
2664,,227:104:0,paint
2665,,227:104:0,paint
2666,,227:104:0,paint
2667,,227:104:0,paint
2668,,227:104:0,paint
2669,,227:104:0,paint
2670,,227:104:0,paint
2671,,227:104:0,paint
2672,,227:104:0,paint
2673,,227:104:0,paint
2674,,227:104:0,paint
2675,,227:104:0,paint
2676,,227:104:0,paint
2677,,227:104:0,paint
2678,,227:104:0,paint
2679,,227:104:0,paint
2680,,227:104:0,paint
2681,,227:104:0,paint
2682,,227:104:0,paint
2683,,227:104:0,paint
2684,,227:104:0,paint
2685,,227:104:0,paint
2686,,227:104:0,paint
2687,,227:104:0,paint
2688,,227:104:0,paint
2689,,227:104:0,paint
2690,,227:104:0,paint
2691,,227:104:0,paint
2692,,227:104:0,paint
2693,,227:104:0,paint
2694,,227:104:0,paint
2695,,227:104:0,paint
2696,,227:104:0,paint
2697,,227:104:0,paint
2698,,227:104:0,paint
2699,,227:104:0,paint
2700,,227:104:0,paint
2701,,227:104:0,paint
2702,,227:104:0,paint
2703,,227:104:0,paint
2704,,227:104:0,paint
2705,,227:104:0,paint
2706,,227:104:0,paint
2707,,227:104:0,paint
2708,,227:104:0,paint
2709,,227:104:0,paint
2710,,227:104:0,paint
2711,,227:104:0,paint
2712,,227:104:0,paint
2713,,227:104:0,paint
2714,,227:104:0,paint
2715,,227:104:0,paint
2716,,227:104:0,paint
2717,,227:104:0,paint
2718,,227:104:0,paint
2719,,227:104:0,paint
2720,,227:104:0,paint
2721,,227:104:0,paint
2722,,227:104:0,paint
2723,,227:104:0,paint
2724,,227:104:0,paint
2725,,227:104:0,paint
2726,,227:104:0,paint
2727,,227:104:0,paint
2728,,227:104:0,paint
2729,,227:104:0,paint
2730,,227:104:0,paint
2731,,227:104:0,paint
2732,,227:104:0,paint
2733,,227:104:0,paint
2734,,227:104:0,paint
2735,,227:104:0,paint
2736,,227:104:0,paint
2737,,227:104:0,paint
2738,,227:104:0,paint
2739,,227:104:0,paint
2740,,227:104:0,paint
2741,,227:104:0,paint
2742,,227:104:0,paint
2743,,227:104:0,paint
2744,,227:104:0,paint
2745,,227:104:0,paint
2746,,227:104:0,paint
2747,,227:104:0,paint
2748,,227:104:0,paint
2749,,227:104:0,paint
2750,,227:104:0,paint
2751,,227:104:0,paint
2752,,227:104:0,paint
2753,,227:104:0,paint
2754,,227:104:0,paint
2755,,227:104:0,paint
2756,,227:104:0,paint
2757,,227:104:0,paint
2758,,227:104:0,paint
2759,,227:104:0,paint
2760,,227:104:0,paint
2761,,227:104:0,paint
2762,,227:104:0,paint
2763,,227:104:0,paint
2764,,227:104:0,paint
2765,,227:104:0,paint
2766,,227:104:0,paint
2767,,227:104:0,paint
2768,,227:104:0,paint
