id,sensol-num,value,match-num,startTime
,,,,
1,0,100,0,3.326
2,0,100,0,3.344
3,0,100,0,3.36
4,0,100,0,3.377
5,0,100,0,3.394
6,0,100,0,3.411
7,0,100,0,3.426
8,0,100,0,3.443
9,0,100,0,3.46
10,0,99,0,3.479
11,0,98,0,3.494
12,0,98,0,3.51
13,0,98,0,3.53
14,0,97,0,3.55
15,0,96,0,3.572
16,0,96,0,3.598
17,0,95,0,3.618
18,0,95,0,3.642
19,0,94,0,3.659
20,0,94,0,3.676
21,0,94,0,3.697
22,0,94,0,3.709
23,0,94,0,3.732
24,0,94,0,3.756
25,0,93,0,3.78
26,0,93,0,3.799
27,0,93,0,3.827
28,0,92,0,3.844
29,0,92,0,3.865
30,0,92,0,3.881
31,0,91,0,3.911
32,0,91,0,3.936
33,0,90,0,3.961
34,0,89,0,3.979
35,0,89,0,3.999
36,0,89,0,4.024
37,0,87,0,4.048
38,0,87,0,4.068
39,0,87,0,4.094
40,0,87,0,4.113
41,0,87,0,4.135
42,0,86,0,4.153
43,0,85,0,4.177
44,0,84,0,4.198
45,0,84,0,4.213
46,0,84,0,4.235
47,0,83,0,4.259
48,0,83,0,4.28
49,0,83,0,4.299
50,0,82,0,4.327
51,0,80,0,4.349
52,0,80,0,4.363
53,0,80,0,4.383
54,0,79,0,4.405
55,0,79,0,4.43
56,0,77,0,4.45
57,0,77,0,4.474
58,0,76,0,4.5
59,0,75,0,4.518
60,0,75,0,4.547
61,0,74,0,4.566
62,0,73,0,4.586
63,0,72,0,4.612
64,0,72,0,4.633
65,0,71,0,4.654
66,0,71,0,4.681
67,0,71,0,4.703
68,0,71,0,4.733
69,0,70,0,4.756
70,0,70,0,4.791
71,0,69,0,4.81
72,0,69,0,4.825
73,0,69,0,4.846
74,0,69,0,4.872
75,0,68,0,4.89
76,0,68,0,4.916
77,0,67,0,4.938
78,0,66,0,4.956
79,0,66,0,4.983
80,0,66,0,5.012
81,0,66,0,5.03
82,0,66,0,5.052
83,0,66,0,5.077
84,0,66,0,5.094
85,0,66,0,5.117
86,0,64,0,5.135
87,0,64,0,5.161
88,0,64,0,5.178
89,0,64,0,5.197
90,0,64,0,5.217
91,0,64,0,5.236
92,0,64,0,5.263
93,0,64,0,5.303
94,0,64,0,5.322
95,0,64,0,5.341
96,0,64,0,5.363
97,0,64,0,5.38
98,0,64,0,5.409
99,0,64,0,5.433
100,0,64,0,5.45
101,0,64,0,5.473
102,0,64,0,5.497
103,0,64,0,5.515
104,0,64,0,5.533
105,0,64,0,5.551
106,0,64,0,5.57
107,0,62,0,5.595
108,0,62,0,5.615
109,0,62,0,5.637
110,0,62,0,5.659
111,0,62,0,5.677
112,0,62,0,5.696
113,0,62,0,5.713
114,0,62,0,5.731
115,0,62,0,5.749
116,0,62,0,5.768
117,0,62,0,5.789
118,0,62,0,5.806
119,0,62,0,5.825
120,0,62,0,5.843
121,0,62,0,5.859
122,0,62,0,5.877
123,0,62,0,5.892
124,0,62,0,5.909
125,0,62,0,5.925
126,0,62,0,5.942
127,0,62,0,5.96
128,0,62,0,5.975
129,0,62,0,5.992
130,0,62,0,6.009
131,0,62,0,6.026
132,0,62,0,6.042
133,0,62,0,6.059
134,0,62,0,6.076
135,0,62,0,6.093
136,0,62,0,6.109
137,0,62,0,6.127
138,0,62,0,6.143
139,0,62,0,6.161
140,0,62,0,6.179
141,0,62,0,6.196
142,0,62,0,6.212
143,0,62,0,6.229
144,0,62,0,6.244
145,0,62,0,6.261
146,0,62,0,6.278
147,0,62,0,6.295
148,0,62,0,6.312
149,0,62,0,6.329
150,0,62,0,6.345
151,0,62,0,6.364
152,0,62,0,6.378
153,0,62,0,6.395
154,0,62,0,6.413
155,0,62,0,6.429
156,0,62,0,6.445
157,0,62,0,6.461
158,0,62,0,6.478
159,0,62,0,6.495
160,0,62,0,6.512
161,0,62,0,6.53
162,0,62,0,6.545
163,0,62,0,6.563
164,0,62,0,6.578
165,0,62,0,6.594
166,0,62,0,6.612
167,0,62,0,6.628
168,0,62,0,6.645
169,0,62,0,6.663
170,0,62,0,6.679
171,0,62,0,6.695
172,0,62,0,6.711
173,0,62,0,6.728
174,0,62,0,6.745
175,0,62,0,6.764
176,0,62,0,6.779
177,0,62,0,6.796
178,0,62,0,6.811
179,0,62,0,6.828
180,0,62,0,6.845
181,0,62,0,6.861
182,0,62,0,6.879
183,0,62,0,6.895
184,0,62,0,6.911
185,0,62,0,6.928
186,0,62,0,6.945
187,0,62,0,6.961
188,0,62,0,6.978
189,0,62,0,6.994
190,0,62,0,7.012
191,0,62,0,7.028
192,0,62,0,7.045
193,0,62,0,7.061
194,0,62,0,7.078
195,0,62,0,7.095
196,0,62,0,7.112
197,0,62,0,7.129
198,0,62,0,7.145
199,0,62,0,7.162
200,0,62,0,7.178
201,0,62,0,7.195
202,0,62,0,7.212
203,0,62,0,7.228
204,0,62,0,7.244
205,0,62,0,7.262
206,0,62,0,7.28
207,0,62,0,7.296
208,0,62,0,7.312
209,0,62,0,7.329
210,0,62,0,7.345
211,0,62,0,7.364
212,0,62,0,7.38
213,0,62,0,7.396
214,0,62,0,7.411
215,0,62,0,7.428
216,0,62,0,7.446
217,0,62,0,7.462
218,0,62,0,7.479
219,0,62,0,7.495
220,0,62,0,7.511
221,0,62,0,7.528
222,0,62,0,7.544
223,0,62,0,7.563
224,0,62,0,7.578
225,0,62,0,7.596
226,0,62,0,7.612
227,0,62,0,7.629
228,0,62,0,7.645
229,0,62,0,7.662
230,0,62,0,7.679
231,0,62,0,7.695
232,0,62,0,7.712
233,0,62,0,7.727
234,0,62,0,7.746
235,0,62,0,7.766
236,0,62,0,7.781
237,0,62,0,7.796
238,0,62,0,7.812
239,0,62,0,7.828
240,0,62,0,7.845
241,0,62,0,7.861
242,0,62,0,7.877
243,0,62,0,7.895
244,0,62,0,7.914
245,0,62,0,7.928
246,0,62,0,7.945
247,0,62,0,7.963
248,0,62,0,7.978
249,0,62,0,7.994
250,0,62,0,8.012
251,0,62,0,8.029
252,0,62,0,8.044
253,0,62,0,8.062
254,0,62,0,8.078
255,0,62,0,8.095
256,0,62,0,8.112
257,0,62,0,8.129
258,0,62,0,8.145
259,0,62,0,8.163
260,0,62,0,8.178
261,0,62,0,8.194
262,0,62,0,8.211
263,0,62,0,8.229
264,0,62,0,8.246
265,0,62,0,8.264
266,0,62,0,8.279
267,0,62,0,8.296
268,0,62,0,8.312
269,0,62,0,8.328
270,0,62,0,8.346
271,0,62,0,8.362
272,0,62,0,8.378
273,0,62,0,8.397
274,0,62,0,8.412
275,0,62,0,8.429
276,0,62,0,8.445
277,0,62,0,8.462
278,0,62,0,8.48
279,0,62,0,8.496
280,0,62,0,8.512
281,0,62,0,8.527
282,0,62,0,8.547
283,0,62,0,8.563
284,0,62,0,8.578
285,0,62,0,8.595
286,0,62,0,8.612
287,0,62,0,8.629
288,0,62,0,8.645
289,0,62,0,8.662
290,0,62,0,8.678
291,0,62,0,8.696
292,0,62,0,8.712
293,0,62,0,8.728
294,0,62,0,8.746
295,0,62,0,8.764
296,0,62,0,8.781
297,0,62,0,8.798
298,0,62,0,8.813
299,0,62,0,8.829
300,0,62,0,8.847
301,0,62,0,8.863
302,0,62,0,8.88
303,0,62,0,8.895
304,0,62,0,8.912
305,0,62,0,8.93
306,0,62,0,8.947
307,0,62,0,8.963
308,0,62,0,8.983
309,0,62,0,8.997
310,0,62,0,9.014
311,0,62,0,9.031
312,0,62,0,9.049
313,0,62,0,9.066
314,0,62,0,9.085
315,0,62,0,9.102
316,0,62,0,9.12
317,0,62,0,9.138
318,0,62,0,9.159
319,0,62,0,9.177
320,0,62,0,9.193
321,0,62,0,9.211
322,0,62,0,9.227
323,0,62,0,9.245
324,0,62,0,9.261
325,0,62,0,9.278
326,0,62,0,9.294
327,0,62,0,9.311
328,0,62,0,9.327
329,0,62,0,9.345
330,0,62,0,9.36
331,0,62,0,9.376
332,0,62,0,9.396
333,0,62,0,9.411
334,0,62,0,9.427
335,0,62,0,9.446
336,0,62,0,9.461
337,0,62,0,9.477
338,0,62,0,9.495
339,0,62,0,9.511
340,0,62,0,9.527
341,0,62,0,9.547
342,0,62,0,9.561
343,0,62,0,9.577
344,0,62,0,9.594
345,0,62,0,9.61
346,0,62,0,9.628
347,0,62,0,9.645
348,0,62,0,9.662
349,0,62,0,9.679
350,0,62,0,9.696
351,0,62,0,9.712
352,0,62,0,9.728
353,0,62,0,9.744
354,0,62,0,9.762
355,0,62,0,9.778
356,0,62,0,9.794
357,0,62,0,9.811
358,0,62,0,9.828
359,0,62,0,9.845
360,0,62,0,9.861
361,0,62,0,9.879
362,0,62,0,9.895
363,0,62,0,9.911
364,0,62,0,9.928
365,0,62,0,9.944
366,0,62,0,9.96
367,0,62,0,9.978
368,1,100,0,9.995
369,1,100,0,10.012
370,1,100,0,10.028
371,1,100,0,10.045
372,1,100,0,10.062
373,1,100,0,10.082
374,1,100,0,10.101
375,1,100,0,10.12
376,1,100,0,10.153
377,1,100,0,10.177
378,1,100,0,10.197
379,1,100,0,10.214
380,1,100,0,10.237
381,1,100,0,10.255
382,1,100,0,10.288
383,1,100,0,10.308
384,1,100,0,10.335
385,1,100,0,10.357
386,1,100,0,10.382
387,1,100,0,10.401
388,1,100,0,10.433
389,1,100,0,10.449
390,1,100,0,10.481
391,1,100,0,10.504
392,1,100,0,10.525
393,1,100,0,10.55
394,1,100,0,10.568
395,1,100,0,10.592
396,1,100,0,10.615
397,1,100,0,10.638
398,1,100,0,10.653
399,1,100,0,10.682
400,1,100,0,10.699
401,1,100,0,10.719
402,1,100,0,10.741
403,1,100,0,10.769
404,1,100,0,10.793
405,1,100,0,10.816
406,1,100,0,10.831
407,1,100,0,10.853
408,1,100,0,10.872
409,1,100,0,10.901
410,1,100,0,10.922
411,1,100,0,10.944
412,1,100,0,10.963
413,1,100,0,10.989
414,1,100,0,11.007
415,1,100,0,11.035
416,1,100,0,11.055
417,1,100,0,11.082
418,1,100,0,11.095
419,1,100,0,11.115
420,1,100,0,11.13
421,1,100,0,11.159
422,1,100,0,11.183
423,1,100,0,11.203
424,1,100,0,11.219
425,1,100,0,11.238
426,1,100,0,11.264
427,1,100,0,11.28
428,1,100,0,11.304
429,1,100,0,11.324
430,1,100,0,11.35
431,1,100,0,11.367
432,1,100,0,11.392
433,1,100,0,11.421
434,1,100,0,11.439
435,1,100,0,11.462
436,1,100,0,11.48
437,1,100,0,11.502
438,1,100,0,11.52
439,1,100,0,11.544
440,1,100,0,11.561
441,1,100,0,11.58
442,1,100,0,11.596
443,1,100,0,11.613
444,1,100,0,11.63
445,1,100,0,11.646
446,1,100,0,11.664
447,1,100,0,11.68
448,1,100,0,11.695
449,1,100,0,11.713
450,1,100,0,11.729
451,1,100,0,11.747
452,1,100,0,11.767
453,1,100,0,11.781
454,1,100,0,11.796
455,1,100,0,11.814
456,1,100,0,11.829
457,1,100,0,11.846
458,1,100,0,11.864
459,1,100,0,11.88
460,1,100,0,11.896
461,1,100,0,11.913
462,1,100,0,11.929
463,1,100,0,11.947
464,1,100,0,11.963
465,1,100,0,11.979
466,0,98,0,11.996
467,0,98,0,12.014
468,0,98,0,12.03
469,0,98,0,12.047
470,0,98,0,12.064
471,0,96,0,12.081
472,0,95,0,12.095
473,0,94,0,12.113
474,0,93,0,12.13
475,0,92,0,12.147
476,0,91,0,12.163
477,0,91,0,12.182
478,0,89,0,12.203
479,0,88,0,12.217
480,0,87,0,12.24
481,0,84,0,12.264
482,0,84,0,12.28
483,0,84,0,12.305
484,0,80,0,12.328
485,0,79,0,12.35
486,0,76,0,12.371
487,0,76,0,12.389
488,0,75,0,12.421
489,0,71,0,12.437
490,0,71,0,12.463
491,0,68,0,12.481
492,0,66,0,12.502
493,0,65,0,12.519
494,0,64,0,12.543
495,0,63,0,12.568
496,0,61,0,12.59
497,0,59,0,12.617
498,0,57,0,12.639
499,0,56,0,12.662
500,0,55,0,12.678
501,0,55,0,12.698
502,0,53,0,12.715
503,0,53,0,12.741
504,0,50,0,12.767
505,0,49,0,12.79
506,0,48,0,12.817
507,0,46,0,12.831
508,0,46,0,12.856
509,0,45,0,12.881
510,0,44,0,12.899
511,0,44,0,12.916
512,0,43,0,12.938
513,0,42,0,12.962
514,0,41,0,12.98
515,0,41,0,13.004
516,0,41,0,13.024
517,0,39,0,13.045
518,0,39,0,13.065
519,0,39,0,13.081
520,0,39,0,13.099
521,0,37,0,13.117
522,0,36,0,13.136
523,0,36,0,13.158
524,0,35,0,13.184
525,0,34,0,13.204
526,0,33,0,13.228
527,0,32,0,13.246
528,0,31,0,13.263
529,0,30,0,13.292
530,0,29,0,13.307
531,0,29,0,13.322
532,0,28,0,13.351
533,0,27,0,13.371
534,0,26,0,13.4
535,0,25,0,13.415
536,0,25,0,13.44
537,0,24,0,13.464
538,0,23,0,13.482
539,0,23,0,13.506
540,0,23,0,13.521
541,0,22,0,13.541
542,0,22,0,13.568
543,0,22,0,13.587
544,0,21,0,13.614
545,0,21,0,13.636
546,0,21,0,13.654
547,0,21,0,13.678
548,0,21,0,13.698
549,0,21,0,13.717
550,0,21,0,13.737
551,0,21,0,13.763
552,0,21,0,13.784
553,0,21,0,13.802
554,0,21,0,13.828
555,0,21,0,13.845
556,0,21,0,13.864
557,0,21,0,13.88
558,0,21,0,13.896
559,0,21,0,13.914
560,0,21,0,13.933
561,0,21,0,13.949
562,0,21,0,13.965
563,0,21,0,13.984
564,0,21,0,14.004
565,0,21,0,14.02
566,0,21,0,14.038
567,0,21,0,14.063
568,0,21,0,14.081
569,0,21,0,14.103
570,0,21,0,14.121
571,0,21,0,14.139
572,0,21,0,14.16
573,0,21,0,14.179
574,0,21,0,14.194
575,0,21,0,14.221
576,0,21,0,14.241
577,0,21,0,14.262
578,0,21,0,14.28
579,0,21,0,14.297
580,0,21,0,14.314
581,0,21,0,14.33
582,0,21,0,14.346
583,0,21,0,14.365
584,0,21,0,14.379
585,0,21,0,14.398
586,0,21,0,14.413
587,0,21,0,14.43
588,0,21,0,14.446
589,0,21,0,14.463
590,0,21,0,14.479
591,0,21,0,14.496
592,0,21,0,14.516
593,0,21,0,14.534
594,0,21,0,14.55
595,0,21,0,14.568
596,0,21,0,14.587
597,0,21,0,14.604
598,0,21,0,14.623
599,0,21,0,14.647
600,0,21,0,14.664
601,0,21,0,14.681
602,0,21,0,14.697
603,0,21,0,14.714
604,0,21,0,14.73
605,0,21,0,14.754
606,0,21,0,14.766
607,0,21,0,14.786
608,0,21,0,14.807
609,0,21,0,14.828
610,0,21,0,14.847
611,0,21,0,14.863
612,0,21,0,14.881
613,0,21,0,14.901
614,0,21,0,14.922
615,0,21,0,14.938
616,0,21,0,14.959
617,0,21,0,14.973
618,0,21,0,14.99
619,0,21,0,15.01
620,0,21,0,15.028
621,0,21,0,15.046
622,0,21,0,15.063
623,0,21,0,15.08
624,0,21,0,15.097
625,0,21,0,15.114
626,0,21,0,15.13
627,0,21,0,15.146
628,0,21,0,15.162
629,0,21,0,15.181
630,0,21,0,15.197
631,0,21,0,15.213
632,0,21,0,15.229
633,0,21,0,15.247
634,0,21,0,15.264
635,0,21,0,15.281
636,0,21,0,15.298
637,0,21,0,15.315
638,0,21,0,15.33
639,0,21,0,15.348
640,0,21,0,15.364
641,0,21,0,15.382
642,0,21,0,15.397
643,0,21,0,15.415
644,0,21,0,15.431
645,0,21,0,15.447
646,0,21,0,15.463
647,0,21,0,15.481
648,0,21,0,15.497
649,0,21,0,15.514
650,0,21,0,15.531
651,0,21,0,15.547
652,0,21,0,15.564
653,0,21,0,15.582
654,0,21,0,15.598
655,0,21,0,15.614
656,0,21,0,15.63
657,0,21,0,15.648
658,0,21,0,15.664
659,0,21,0,15.68
660,0,21,0,15.698
661,0,21,0,15.714
662,0,21,0,15.73
663,0,21,0,15.747
664,0,21,0,15.765
665,0,21,0,15.782
666,0,21,0,15.798
667,0,21,0,15.818
668,0,21,0,15.836
669,0,100,1,0.023
670,0,100,1,0.044
671,0,100,1,0.062
672,0,100,1,0.077
673,0,100,1,0.094
674,0,100,1,0.111
675,0,100,1,0.129
676,0,100,1,0.146
677,0,100,1,0.162
678,0,100,1,0.178
679,0,100,1,0.194
680,0,100,1,0.212
681,0,100,1,0.227
682,0,100,1,0.244
683,0,100,1,0.262
684,0,100,1,0.278
685,0,100,1,0.295
686,0,100,1,0.31
687,0,100,1,0.328
688,0,100,1,0.345
689,0,100,1,0.362
690,0,100,1,0.377
691,0,100,1,0.394
692,0,100,1,0.412
693,0,100,1,0.428
694,0,100,1,0.444
695,0,100,1,0.462
696,0,100,1,0.478
697,0,100,1,0.494
698,0,100,1,0.513
699,0,100,1,0.528
700,0,100,1,0.546
701,0,100,1,0.562
702,0,100,1,0.579
703,0,100,1,0.595
704,0,100,1,0.612
705,0,100,1,0.628
706,0,100,1,0.645
707,0,100,1,0.661
708,0,100,1,0.679
709,0,100,1,0.696
710,0,100,1,0.712
711,0,100,1,0.729
712,0,100,1,0.746
713,0,100,1,0.762
714,0,100,1,0.779
715,0,100,1,0.795
716,0,100,1,0.812
717,0,100,1,0.829
718,0,100,1,0.845
719,0,100,1,0.863
720,0,100,1,0.878
721,0,100,1,0.895
722,0,100,1,0.912
723,0,100,1,0.929
724,0,100,1,0.947
725,0,100,1,0.962
726,0,100,1,0.981
727,0,100,1,0.996
728,0,100,1,1.012
729,0,100,1,1.028
730,0,100,1,1.046
731,0,100,1,1.063
732,0,100,1,1.079
733,0,100,1,1.096
734,0,100,1,1.112
735,0,100,1,1.128
736,0,100,1,1.147
737,0,100,1,1.163
738,0,100,1,1.179
739,0,100,1,1.195
740,0,100,1,1.211
741,0,100,1,1.228
742,0,100,1,1.246
743,0,100,1,1.262
744,0,100,1,1.278
745,0,100,1,1.295
746,0,100,1,1.312
747,0,100,1,1.329
748,0,100,1,1.345
749,0,100,1,1.362
750,0,100,1,1.379
751,0,100,1,1.395
752,0,100,1,1.412
753,0,100,1,1.429
754,0,100,1,1.445
755,0,100,1,1.463
756,0,100,1,1.479
757,0,100,1,1.496
758,0,100,1,1.513
759,0,100,1,1.53
760,0,100,1,1.547
761,0,100,1,1.563
762,0,100,1,1.58
763,0,100,1,1.598
764,0,100,1,1.614
765,0,100,1,1.633
766,0,100,1,1.652
767,0,100,1,1.672
768,0,100,1,1.698
769,0,100,1,1.716
770,0,100,1,1.742
771,0,100,1,1.765
772,0,100,1,1.784
773,0,100,1,1.803
774,0,100,1,1.819
775,0,100,1,1.843
776,0,100,1,1.873
777,0,100,1,1.892
778,0,100,1,1.924
779,0,100,1,1.945
780,0,100,1,1.972
781,0,100,1,1.995
782,0,100,1,2.014
783,0,100,1,2.03
784,0,100,1,2.051
785,0,100,1,2.066
786,0,100,1,2.103
787,0,100,1,2.122
788,0,100,1,2.145
789,0,100,1,2.167
790,0,100,1,2.193
791,0,100,1,2.214
792,0,100,1,2.233
793,0,100,1,2.247
794,0,100,1,2.268
795,0,100,1,2.286
796,0,100,1,2.309
797,0,100,1,2.338
798,0,100,1,2.367
799,0,100,1,2.392
800,0,100,1,2.429
801,0,100,1,2.46
802,0,100,1,2.483
803,0,100,1,2.502
804,0,100,1,2.528
805,0,100,1,2.556
806,0,100,1,2.579
807,0,100,1,2.6
808,0,100,1,2.629
809,0,100,1,2.647
810,0,100,1,2.668
811,0,100,1,2.687
812,0,100,1,2.704
813,0,100,1,2.729
814,0,100,1,2.75
815,0,100,1,2.767
816,0,100,1,2.784
817,0,100,1,2.807
818,0,100,1,2.835
819,0,100,1,2.86
820,0,100,1,2.88
821,0,100,1,2.905
822,0,100,1,2.919
823,0,100,1,2.944
824,0,100,1,2.973
825,0,100,1,2.993
826,0,100,1,3.017
827,0,100,1,3.033
828,0,100,1,3.062
829,0,100,1,3.097
830,1,36,1,3.118
831,1,36,1,3.143
832,1,36,1,3.166
833,1,34,1,3.189
834,1,34,1,3.212
835,1,33,1,3.23
836,1,32,1,3.245
837,1,32,1,3.264
838,1,32,1,3.282
839,1,31,1,3.296
840,1,31,1,3.323
841,1,31,1,3.349
842,1,30,1,3.366
843,1,30,1,3.386
844,1,30,1,3.413
845,1,29,1,3.431
846,1,29,1,3.456
847,1,29,1,3.485
848,1,28,1,3.5
849,1,28,1,3.524
850,1,27,1,3.548
851,1,27,1,3.566
852,1,27,1,3.586
853,1,26,1,3.607
854,1,26,1,3.633
855,1,26,1,3.655
856,1,25,1,3.68
857,1,25,1,3.696
858,1,25,1,3.714
859,1,25,1,3.73
860,1,25,1,3.749
861,1,25,1,3.766
862,1,25,1,3.782
863,1,25,1,3.799
864,1,25,1,3.816
865,1,25,1,3.833
866,1,25,1,3.852
867,1,25,1,3.872
868,1,25,1,3.894
869,1,25,1,3.912
870,1,25,1,3.929
871,1,25,1,3.947
872,1,25,1,3.973
873,1,25,1,3.998
874,1,25,1,4.014
875,1,25,1,4.031
876,1,25,1,4.047
877,1,25,1,4.065
878,1,25,1,4.082
879,1,25,1,4.097
880,1,25,1,4.114
881,1,25,1,4.131
882,1,25,1,4.147
883,1,25,1,4.163
884,1,25,1,4.182
885,1,25,1,4.197
886,1,25,1,4.215
887,1,25,1,4.231
888,1,25,1,4.247
889,1,25,1,4.265
890,1,25,1,4.282
891,1,25,1,4.298
892,1,25,1,4.314
893,1,25,1,4.33
894,1,25,1,4.347
895,1,25,1,4.365
896,1,25,1,4.381
897,1,25,1,4.398
898,1,25,1,4.414
899,1,25,1,4.431
900,1,25,1,4.448
901,1,25,1,4.466
902,1,25,1,4.481
903,1,25,1,4.498
904,1,25,1,4.514
905,1,25,1,4.531
906,1,25,1,4.547
907,1,25,1,4.565
908,1,25,1,4.581
909,1,25,1,4.598
910,1,25,1,4.614
911,1,25,1,4.632
912,1,25,1,4.648
913,1,25,1,4.667
914,1,25,1,4.681
915,1,25,1,4.698
916,1,25,1,4.715
917,1,25,1,4.732
918,1,25,1,4.748
919,1,25,1,4.765
920,1,25,1,4.781
921,1,25,1,4.799
922,1,25,1,4.816
923,1,25,1,4.833
924,1,25,1,4.848
925,1,25,1,4.864
926,1,25,1,4.882
927,1,25,1,4.9
928,1,25,1,4.915
929,1,25,1,4.931
930,1,25,1,4.948
931,1,25,1,4.965
932,1,25,1,4.982
933,1,25,1,4.997
934,1,25,1,5.015
935,1,25,1,5.032
936,1,25,1,5.048
937,1,25,1,5.065
938,1,25,1,5.083
939,1,25,1,5.098
940,1,25,1,5.115
941,1,25,1,5.131
942,1,25,1,5.151
943,1,191:191:0,2,0.015
944,1,191:191:0,2,0.033
945,1,191:191:0,2,0.048
946,1,191:191:0,2,0.069
947,1,191:191:0,2,0.089
948,1,191:191:0,2,0.115
949,1,191:191:0,2,0.133
950,1,191:191:0,2,0.155
951,1,191:191:0,2,0.189
952,1,191:191:0,2,0.214
953,1,191:191:0,2,0.229
954,1,191:191:0,2,0.249
955,1,191:191:0,2,0.27
956,1,191:191:0,2,0.292
957,1,191:191:0,2,0.309
958,1,191:191:0,2,0.337
959,1,191:191:0,2,0.355
960,1,191:191:0,2,0.374
961,1,191:191:0,2,0.397
962,1,191:191:0,2,0.427
963,1,191:191:0,2,0.446
964,1,191:191:0,2,0.471
965,1,191:191:0,2,0.487
966,1,191:191:0,2,0.515
967,1,191:191:0,2,0.537
968,1,191:191:0,2,0.557
969,1,191:191:0,2,0.577
970,1,191:191:0,2,0.595
971,1,191:191:0,2,0.625
972,1,191:191:0,2,0.647
973,1,191:191:0,2,0.68
974,1,191:191:0,2,0.694
975,1,191:191:0,2,0.715
976,1,191:191:0,2,0.736
977,1,191:191:0,2,0.78
978,1,191:191:0,2,0.793
979,1,191:191:0,2,0.811
980,1,191:191:0,2,0.833
981,1,191:191:0,2,0.862
982,1,191:191:0,2,0.885
983,1,191:191:0,2,0.912
984,1,191:191:0,2,0.939
985,1,191:191:0,2,0.956
986,1,191:191:0,2,0.99
987,1,191:191:0,2,1.008
988,1,191:191:0,2,1.033
989,1,191:191:0,2,1.053
990,1,191:191:0,2,1.072
991,1,191:191:0,2,1.093
992,1,191:191:0,2,1.11
993,1,191:191:0,2,1.128
994,1,191:191:0,2,1.146
995,1,191:191:0,2,1.163
996,1,191:191:0,2,1.196
997,1,191:191:0,2,1.213
998,1,191:191:0,2,1.23
999,1,191:191:0,2,1.247
1000,1,191:191:0,2,1.268
1001,1,191:191:0,2,1.294
1002,1,191:191:0,2,1.313
1003,1,191:191:0,2,1.336
1004,1,191:191:0,2,1.36
1005,1,191:191:0,2,1.389
1006,1,191:191:0,2,1.406
1007,1,191:191:0,2,1.424
1008,1,191:191:0,2,1.447
1009,1,191:191:0,2,1.469
1010,1,191:191:0,2,1.491
1011,1,191:191:0,2,1.513
1012,1,191:191:0,2,1.536
1013,1,191:191:0,2,1.555
1014,1,191:191:0,2,1.575
1015,1,191:191:0,2,1.6
1016,1,191:191:0,2,1.614
1017,1,191:191:0,2,1.632
1018,1,191:191:0,2,1.649
1019,1,191:191:0,2,1.688
1020,1,191:191:0,2,1.71
1021,1,191:191:0,2,1.731
1022,1,191:191:0,2,1.757
1023,1,191:191:0,2,1.789
1024,1,191:191:0,2,1.812
1025,1,191:191:0,2,1.829
1026,1,191:191:0,2,1.851
1027,1,191:191:0,2,1.869
1028,1,191:191:0,2,1.888
1029,1,191:191:0,2,1.91
1030,1,191:191:0,2,1.933
1031,1,191:191:0,2,1.952
1032,1,191:191:0,2,1.979
1033,1,191:191:0,2,1.996
1034,1,191:191:0,2,2.019
1035,1,191:191:0,2,2.043
1036,1,191:191:0,2,2.071
1037,1,191:191:0,2,2.091
1038,1,191:191:0,2,2.114
1039,1,191:191:0,2,2.142
1040,1,191:191:0,2,2.163
1041,1,191:191:0,2,2.185
1042,2,0:0:12,2,2.209
1043,2,0:0:12,2,2.238
1044,2,0:0:18,2,2.257
1045,2,0:0:18,2,2.277
1046,2,0:0:21,2,2.3
1047,2,0:0:23,2,2.332
1048,2,0:0:23,2,2.349
1049,2,0:0:30,2,2.38
1050,2,0:0:32,2,2.398
1051,2,0:0:34,2,2.422
1052,2,0:0:34,2,2.45
1053,2,0:0:38,2,2.471
1054,2,0:0:39,2,2.497
1055,2,0:0:42,2,2.514
1056,2,0:0:43,2,2.539
1057,2,0:0:44,2,2.559
1058,2,0:0:48,2,2.586
1059,2,0:0:48,2,2.611
1060,2,0:0:52,2,2.634
1061,2,0:0:54,2,2.657
1062,2,0:0:57,2,2.687
1063,2,0:0:59,2,2.705
1064,2,0:0:62,2,2.725
1065,2,0:0:63,2,2.755
1066,2,0:0:66,2,2.784
1067,2,0:0:67,2,2.8
1068,2,0:0:67,2,2.827
1069,2,0:0:71,2,2.849
1070,2,0:0:72,2,2.874
1071,2,0:0:75,2,2.89
1072,2,0:0:77,2,2.923
1073,2,0:0:78,2,2.949
1074,2,0:0:81,2,2.966
1075,2,0:0:83,2,2.99
1076,2,0:0:87,2,3.014
1077,2,0:0:87,2,3.032
1078,2,0:0:90,2,3.057
1079,2,0:0:94,2,3.074
1080,2,0:0:94,2,3.111
1081,2,0:0:98,2,3.132
1082,2,0:0:99,2,3.147
1083,2,0:0:101,2,3.166
1084,2,0:0:101,2,3.206
1085,2,0:0:104,2,3.223
1086,2,0:0:104,2,3.239
1087,2,0:0:105,2,3.275
1088,2,0:0:106,2,3.294
1089,2,0:0:107,2,3.322
1090,2,0:0:108,2,3.346
1091,2,0:0:109,2,3.372
1092,2,0:0:110,2,3.395
1093,2,0:0:111,2,3.422
1094,2,0:0:112,2,3.444
1095,2,0:0:114,2,3.473
1096,2,0:0:116,2,3.489
1097,2,0:0:116,2,3.507
1098,2,0:0:116,2,3.529
1099,2,0:0:118,2,3.56
1100,2,0:0:119,2,3.59
1101,2,0:0:119,2,3.615
1102,2,0:0:119,2,3.636
1103,2,0:0:125,2,3.657
1104,2,0:0:126,2,3.681
1105,2,0:0:127,2,3.698
1106,2,0:0:128,2,3.716
1107,2,0:0:129,2,3.742
1108,2,0:0:131,2,3.771
1109,2,0:0:131,2,3.788
1110,2,0:0:133,2,3.819
1111,2,0:0:134,2,3.846
1112,2,0:0:135,2,3.875
1113,2,0:0:136,2,3.896
1114,2,0:0:138,2,3.914
1115,2,0:0:138,2,3.931
1116,2,0:0:138,2,3.956
1117,2,0:0:140,2,3.983
1118,2,0:0:141,2,3.999
1119,2,0:0:141,2,4.016
1120,2,0:0:142,2,4.049
1121,2,0:0:143,2,4.066
1122,2,0:0:144,2,4.095
1123,2,0:0:144,2,4.121
1124,2,0:0:145,2,4.142
1125,2,0:0:145,2,4.178
1126,2,0:0:145,2,4.202
1127,2,0:0:145,2,4.219
1128,2,0:0:145,2,4.253
1129,2,0:0:145,2,4.279
1130,2,0:0:145,2,4.295
1131,2,0:0:144,2,4.315
1132,2,0:0:144,2,4.345
1133,2,0:0:142,2,4.375
1134,2,0:0:139,2,4.392
1135,2,0:0:137,2,4.418
1136,2,0:0:134,2,4.444
1137,2,0:0:131,2,4.467
1138,2,0:0:131,2,4.495
1139,2,0:0:119,2,4.519
1140,2,0:0:119,2,4.537
1141,2,0:0:109,2,4.554
1142,2,0:0:109,2,4.59
1143,2,0:0:98,2,4.607
1144,2,0:0:94,2,4.627
1145,2,0:0:90,2,4.657
1146,2,0:0:83,2,4.675
1147,2,0:0:79,2,4.699
1148,2,0:0:75,2,4.725
1149,2,0:0:67,2,4.751
1150,2,0:0:61,2,4.777
1151,2,0:0:55,2,4.797
1152,2,0:0:53,2,4.824
1153,2,0:0:51,2,4.85
1154,2,0:0:47,2,4.869
1155,2,0:0:47,2,4.894
1156,2,0:0:47,2,4.921
1157,2,0:0:40,2,4.938
1158,2,0:0:38,2,4.954
1159,2,0:0:35,2,4.987
1160,2,0:0:34,2,5.015
1161,2,0:0:31,2,5.032
1162,2,0:0:30,2,5.057
1163,2,0:0:29,2,5.08
1164,2,0:0:27,2,5.108
1165,2,0:0:26,2,5.125
1166,2,0:0:25,2,5.149
1167,2,0:0:24,2,5.18
1168,2,0:0:22,2,5.197
1169,2,0:0:22,2,5.214
1170,2,0:0:22,2,5.239
1171,2,0:0:21,2,5.267
1172,2,0:0:21,2,5.293
1173,2,0:0:20,2,5.311
1174,2,0:0:20,2,5.337
1175,2,0:0:20,2,5.36
1176,2,0:0:20,2,5.381
1177,2,0:0:20,2,5.41
1178,2,0:0:21,2,5.428
1179,2,0:0:21,2,5.455
1180,2,0:0:21,2,5.486
1181,2,0:0:21,2,5.505
1182,2,0:0:21,2,5.528
1183,2,0:0:21,2,5.551
1184,2,0:0:21,2,5.574
1185,2,0:0:21,2,5.591
1186,2,0:0:21,2,5.622
1187,2,0:0:21,2,5.643
1188,2,0:0:21,2,5.664
1189,2,0:0:21,2,5.692
1190,2,0:0:21,2,5.722
1191,2,0:0:21,2,5.741
1192,2,0:0:21,2,5.765
1193,2,0:0:21,2,5.799
1194,2,0:0:21,2,5.82
1195,2,0:0:21,2,5.849
1196,2,0:0:21,2,5.867
1197,2,0:0:21,2,5.893
1198,2,0:0:21,2,5.918
1199,2,0:0:21,2,5.935
1200,2,0:0:21,2,5.962
1201,2,0:0:21,2,5.986
1202,2,0:0:21,2,6.004
1203,2,0:0:21,2,6.024
1204,2,0:0:21,2,6.049
1205,2,0:0:21,2,6.069
1206,2,0:0:21,2,6.092
1207,2,0:0:21,2,6.116
1208,2,0:0:21,2,6.138
1209,2,0:0:21,2,6.162
1210,2,92,3,0.032
1211,2,92,3,0.052
1212,2,92,3,0.078
1213,2,92,3,0.099
1214,2,92,3,0.12
1215,2,92,3,0.139
1216,2,92,3,0.163
1217,2,92,3,0.184
1218,2,92,3,0.208
1219,2,92,3,0.223
1220,2,92,3,0.243
1221,2,92,3,0.258
1222,2,92,3,0.275
1223,2,92,3,0.292
1224,2,92,3,0.311
1225,2,92,3,0.329
1226,2,92,3,0.347
1227,2,92,3,0.368
1228,2,92,3,0.385
1229,2,92,3,0.403
1230,2,92,3,0.419
1231,2,92,3,0.437
1232,2,92,3,0.454
1233,2,92,3,0.471
1234,2,92,3,0.486
1235,2,92,3,0.504
1236,2,92,3,0.521
1237,2,92,3,0.536
1238,2,92,3,0.554
1239,2,92,3,0.569
1240,2,92,3,0.589
1241,2,92,3,0.603
1242,2,92,3,0.622
1243,2,92,3,0.636
1244,2,92,3,0.655
1245,2,92,3,0.671
1246,2,92,3,0.687
1247,2,92,3,0.704
1248,2,92,3,0.72
1249,2,92,3,0.738
1250,2,92,3,0.754
1251,2,92,3,0.771
1252,2,92,3,0.789
1253,2,92,3,0.806
1254,2,92,3,0.824
1255,2,92,3,0.84
1256,2,92,3,0.858
1257,2,92,3,0.876
1258,2,92,3,0.895
1259,2,92,3,0.912
1260,2,92,3,0.933
1261,2,92,3,0.95
1262,2,92,3,0.969
1263,2,92,3,0.986
1264,2,92,3,1.003
1265,2,92,3,1.021
1266,2,92,3,1.036
1267,2,92,3,1.054
1268,2,92,3,1.072
1269,2,92,3,1.087
1270,2,92,3,1.103
1271,2,92,3,1.12
1272,2,92,3,1.136
1273,2,92,3,1.155
1274,2,92,3,1.173
1275,2,92,3,1.192
1276,2,92,3,1.206
1277,2,92,3,1.224
1278,2,92,3,1.241
1279,2,92,3,1.257
1280,2,92,3,1.273
1281,2,92,3,1.291
1282,2,92,3,1.307
1283,2,92,3,1.323
1284,2,92,3,1.34
1285,2,92,3,1.356
1286,2,92,3,1.373
1287,2,92,3,1.391
1288,2,92,3,1.407
1289,2,92,3,1.423
1290,2,92,3,1.44
1291,2,92,3,1.457
1292,2,92,3,1.473
1293,2,92,3,1.49
1294,2,92,3,1.508
1295,2,92,3,1.523
1296,2,92,3,1.54
1297,2,92,3,1.556
1298,2,92,3,1.574
1299,2,92,3,1.591
1300,2,92,3,1.624
1301,2,92,3,1.645
1302,2,92,3,1.668
1303,2,86,3,1.689
1304,2,84,3,1.707
1305,2,84,3,1.726
1306,2,84,3,1.741
1307,2,84,3,1.765
1308,2,82,3,1.788
1309,2,81,3,1.807
1310,2,80,3,1.823
1311,2,80,3,1.839
1312,2,80,3,1.857
1313,2,79,3,1.875
1314,2,78,3,1.9
1315,2,77,3,1.916
1316,2,77,3,1.932
1317,2,77,3,1.963
1318,2,76,3,1.987
1319,2,75,3,2.005
1320,2,75,3,2.032
1321,2,74,3,2.048
1322,2,74,3,2.073
1323,2,73,3,2.098
1324,2,72,3,2.118
1325,2,72,3,2.147
1326,2,70,3,2.165
1327,2,70,3,2.192
1328,2,69,3,2.208
1329,2,69,3,2.237
1330,2,68,3,2.255
1331,2,67,3,2.272
1332,2,67,3,2.288
1333,2,66,3,2.308
1334,2,66,3,2.326
1335,2,65,3,2.344
1336,2,65,3,2.366
1337,2,64,3,2.392
1338,2,64,3,2.416
1339,2,62,3,2.438
1340,2,62,3,2.456
1341,2,61,3,2.477
1342,2,60,3,2.496
1343,2,59,3,2.518
1344,2,59,3,2.542
1345,2,59,3,2.56
1346,2,59,3,2.583
1347,2,57,3,2.626
1348,2,56,3,2.645
1349,2,55,3,2.666
1350,2,55,3,2.687
1351,2,54,3,2.709
1352,2,54,3,2.728
1353,2,54,3,2.747
1354,2,53,3,2.775
1355,2,53,3,2.798
1356,2,52,3,2.817
1357,2,52,3,2.843
1358,2,52,3,2.867
1359,2,51,3,2.891
1360,2,51,3,2.909
1361,2,51,3,2.932
1362,2,51,3,2.957
1363,2,51,3,2.976
1364,2,51,3,2.996
1365,2,50,3,3.017
1366,2,50,3,3.042
1367,2,50,3,3.068
1368,2,50,3,3.1
1369,2,50,3,3.137
1370,2,49,3,3.163
1371,2,49,3,3.181
1372,2,49,3,3.212
1373,2,49,3,3.233
1374,2,48,3,3.258
1375,2,48,3,3.276
1376,2,48,3,3.296
1377,2,48,3,3.319
1378,2,48,3,3.343
1379,2,48,3,3.364
1380,2,48,3,3.392
1381,2,47,3,3.41
1382,2,47,3,3.442
1383,2,47,3,3.468
1384,2,47,3,3.494
1385,2,47,3,3.531
1386,2,47,3,3.543
1387,2,47,3,3.562
1388,2,47,3,3.58
1389,2,47,3,3.598
1390,2,47,3,3.626
1391,2,47,3,3.655
1392,2,45,3,3.683
1393,2,45,3,3.702
1394,2,45,3,3.734
1395,2,45,3,3.754
1396,2,45,3,3.782
1397,2,45,3,3.803
1398,2,45,3,3.826
1399,2,45,3,3.843
1400,2,45,3,3.864
1401,2,45,3,3.889
1402,2,45,3,3.909
1403,2,45,3,3.931
1404,2,45,3,3.949
1405,2,45,3,3.975
1406,2,45,3,3.994
1407,2,45,3,4.019
1408,2,45,3,4.046
1409,2,45,3,4.062
1410,2,45,3,4.081
1411,2,45,3,4.103
1412,2,45,3,4.122
1413,2,45,3,4.138
1414,2,45,3,4.159
1415,2,45,3,4.177
1416,2,45,3,4.197
1417,2,45,3,4.223
1418,2,45,3,4.239
1419,2,45,3,4.257
1420,2,45,3,4.277
1421,2,45,3,4.297
1422,2,45,3,4.318
1423,2,45,3,4.339
1424,2,45,3,4.357
1425,2,45,3,4.373
1426,2,45,3,4.389
1427,2,45,3,4.407
1428,2,45,3,4.423
1429,2,45,3,4.439
1430,2,45,3,4.456
1431,2,45,3,4.474
1432,2,45,3,4.49
1433,2,45,3,4.507
1434,2,45,3,4.525
1435,2,45,3,4.541
1436,2,45,3,4.561
1437,2,45,3,4.574
1438,2,45,3,4.597
1439,2,45,3,4.619
1440,2,45,3,4.639
1441,2,45,3,4.656
1442,2,45,3,4.673
1443,2,45,3,4.692
1444,2,45,3,4.706
1445,2,45,3,4.722
1446,2,45,3,4.739
1447,2,45,3,4.756
1448,2,45,3,4.773
1449,2,45,3,4.789
1450,2,45,3,4.806
1451,2,45,3,4.822
1452,2,45,3,4.839
1453,2,45,3,4.856
1454,2,45,3,4.872
1455,2,45,3,4.89
1456,2,45,3,4.906
1457,2,45,3,4.922
1458,2,45,3,4.94
1459,2,45,3,4.957
1460,2,45,3,4.972
1461,2,45,3,4.99
1462,2,45,3,5.006
1463,2,45,3,5.023
1464,0,100,3,5.04
1465,0,100,3,5.057
1466,0,100,3,5.073
1467,0,100,3,5.09
1468,0,100,3,5.106
1469,0,100,3,5.124
1470,0,100,3,5.141
1471,0,100,3,5.157
1472,0,100,3,5.174
1473,0,100,3,5.19
1474,0,100,3,5.208
1475,0,100,3,5.223
1476,0,100,3,5.245
1477,0,100,3,5.267
1478,0,100,3,5.291
1479,0,100,3,5.309
1480,0,100,3,5.333
1481,0,100,3,5.35
1482,0,100,3,5.377
1483,0,100,3,5.393
1484,0,100,3,5.411
1485,0,100,3,5.429
1486,0,100,3,5.45
1487,0,100,3,5.476
1488,0,100,3,5.494
1489,0,100,3,5.512
1490,0,100,3,5.531
1491,0,100,3,5.554
1492,0,100,3,5.579
1493,0,100,3,5.596
1494,0,100,3,5.62
1495,0,100,3,5.638
1496,0,100,3,5.667
1497,0,100,3,5.683
1498,0,100,3,5.708
1499,0,100,3,5.728
1500,0,100,3,5.758
1501,0,100,3,5.779
1502,0,100,3,5.798
1503,0,100,3,5.818
1504,0,100,3,5.841
1505,0,100,3,5.863
1506,0,100,3,5.884
1507,0,100,3,5.908
1508,0,100,3,5.929
1509,0,100,3,5.947
1510,0,100,3,5.966
1511,0,100,3,5.989
1512,0,100,3,6.006
1513,0,100,3,6.024
1514,0,100,3,6.044
1515,0,100,3,6.06
1516,0,100,3,6.08
1517,0,100,3,6.1
1518,0,100,3,6.123
1519,0,100,3,6.145
1520,0,100,3,6.172
1521,0,100,3,6.19
1522,0,100,3,6.209
1523,0,100,3,6.227
1524,0,100,3,6.248
1525,0,100,3,6.267
1526,0,100,3,6.298
1527,0,100,3,6.313
1528,0,100,3,6.336
1529,0,100,3,6.359
1530,0,100,3,6.384
1531,0,100,3,6.405
1532,0,100,3,6.425
1533,0,100,3,6.441
1534,0,100,3,6.459
1535,0,100,3,6.478
1536,0,100,3,6.494
1537,0,100,3,6.51
1538,0,100,3,6.526
1539,0,100,3,6.545
1540,0,100,3,6.565
1541,0,100,3,6.582
1542,0,100,3,6.6
1543,0,100,3,6.619
1544,0,100,3,6.64
1545,0,100,3,6.657
1546,0,100,3,6.674
1547,0,100,3,6.69
1548,0,100,3,6.71
1549,0,100,3,6.724
1550,0,100,3,6.741
1551,0,100,3,6.758
1552,0,100,3,6.774
1553,0,100,3,6.791
1554,0,100,3,6.81
1555,0,100,3,6.825
1556,0,100,3,6.854
1557,0,100,3,6.867
1558,0,100,3,6.888
1559,0,100,3,6.905
1560,0,100,3,6.921
1561,0,100,3,6.938
1562,0,100,3,6.954
1563,0,100,3,6.971
1564,0,100,3,6.99
1565,0,100,3,7.006
1566,2,99,3,7.023
1567,2,99,3,7.041
1568,2,98,3,7.057
1569,2,98,3,7.074
1570,2,97,3,7.091
1571,2,97,3,7.107
1572,2,96,3,7.125
1573,2,95,3,7.142
1574,2,94,3,7.158
1575,2,93,3,7.174
1576,2,92,3,7.193
1577,2,91,3,7.208
1578,2,91,3,7.226
1579,2,89,3,7.247
1580,2,89,3,7.267
1581,2,87,3,7.29
1582,2,87,3,7.307
1583,2,86,3,7.324
1584,2,84,3,7.345
1585,2,83,3,7.361
1586,2,82,3,7.378
1587,2,81,3,7.402
1588,2,79,3,7.416
1589,2,78,3,7.444
1590,2,78,3,7.459
1591,2,76,3,7.487
1592,2,75,3,7.51
1593,2,74,3,7.53
1594,2,73,3,7.552
1595,2,72,3,7.577
1596,2,71,3,7.6
1597,2,71,3,7.626
1598,2,69,3,7.642
1599,2,69,3,7.666
1600,2,69,3,7.681
1601,2,69,3,7.704
1602,2,69,3,7.728
1603,2,66,3,7.746
1604,2,66,3,7.77
1605,2,66,3,7.8
1606,2,64,3,7.817
1607,2,64,3,7.844
1608,2,63,3,7.86
1609,2,63,3,7.878
1610,2,62,3,7.896
1611,2,62,3,7.923
1612,2,61,3,7.944
1613,2,61,3,7.968
1614,2,61,3,7.996
1615,2,60,3,8.02
1616,2,60,3,8.051
1617,2,60,3,8.074
1618,2,60,3,8.094
1619,2,59,3,8.11
1620,2,59,3,8.135
1621,2,59,3,8.155
1622,2,59,3,8.173
1623,2,59,3,8.193
1624,2,59,3,8.209
1625,2,59,3,8.227
1626,2,59,3,8.245
1627,2,60,3,8.27
1628,2,60,3,8.295
1629,2,60,3,8.316
1630,2,61,3,8.336
1631,2,61,3,8.358
1632,2,61,3,8.377
1633,2,61,3,8.397
1634,2,61,3,8.415
1635,2,62,3,8.436
1636,2,62,3,8.46
1637,2,62,3,8.478
1638,2,62,3,8.497
1639,2,62,3,8.516
1640,2,62,3,8.54
1641,2,62,3,8.558
1642,2,63,3,8.577
1643,2,63,3,8.596
1644,2,63,3,8.62
1645,2,64,3,8.645
1646,2,64,3,8.668
1647,2,65,3,8.69
1648,2,66,3,8.708
1649,2,67,3,8.726
1650,2,68,3,8.746
1651,2,68,3,8.77
1652,2,70,3,8.792
1653,2,70,3,8.812
1654,2,72,3,8.839
1655,2,73,3,8.863
1656,2,74,3,8.883
1657,2,74,3,8.903
1658,2,74,3,8.927
1659,2,74,3,8.943
1660,2,74,3,8.965
1661,2,74,3,8.983
1662,2,75,3,9.002
1663,2,75,3,9.028
1664,2,75,3,9.046
1665,2,75,3,9.077
1666,2,75,3,9.093
1667,2,75,3,9.116
1668,2,75,3,9.133
1669,2,75,3,9.154
1670,2,75,3,9.178
1671,2,75,3,9.197
1672,2,75,3,9.212
1673,2,75,3,9.228
1674,2,75,3,9.246
1675,2,75,3,9.264
1676,2,75,3,9.285
1677,2,75,3,9.31
1678,2,75,3,9.328
1679,2,75,3,9.344
1680,2,75,3,9.368
1681,2,75,3,9.392
1682,2,75,3,9.408
1683,2,75,3,9.426
1684,2,75,3,9.442
1685,2,75,3,9.459
1686,2,75,3,9.476
1687,2,75,3,9.493
1688,2,75,3,9.509
1689,2,75,3,9.525
1690,2,75,3,9.542
1691,2,75,3,9.559
1692,2,75,3,9.576
1693,2,75,3,9.592
1694,2,75,3,9.608
1695,2,75,3,9.625
1696,2,75,3,9.642
1697,2,75,3,9.659
1698,2,75,3,9.675
1699,2,75,3,9.692
1700,2,75,3,9.708
1701,2,75,3,9.725
1702,2,75,3,9.742
1703,2,75,3,9.758
1704,2,75,3,9.776
1705,2,75,3,9.792
1706,2,75,3,9.809
1707,2,75,3,9.826
1708,2,75,3,9.843
1709,2,75,3,9.859
1710,2,75,3,9.876
1711,2,75,3,9.898
1712,2,75,3,9.91
1713,2,0:0:64,4,0.013
1714,2,0:0:64,4,0.031
1715,2,0:0:64,4,0.049
1716,2,0:0:64,4,0.069
1717,2,0:0:64,4,0.094
1718,2,0:0:64,4,0.113
1719,2,0:0:64,4,0.131
1720,2,0:0:64,4,0.154
1721,2,0:0:64,4,0.171
1722,2,0:0:64,4,0.189
1723,2,0:0:64,4,0.216
1724,2,0:0:64,4,0.242
1725,2,0:0:64,4,0.265
1726,2,0:0:64,4,0.283
1727,2,0:0:64,4,0.302
1728,2,0:0:64,4,0.323
1729,2,0:0:64,4,0.342
1730,2,0:0:64,4,0.369
1731,2,0:0:64,4,0.387
1732,2,0:0:64,4,0.418
1733,2,0:0:64,4,0.435
1734,2,0:0:64,4,0.46
1735,2,0:0:64,4,0.483
1736,2,0:0:64,4,0.502
1737,2,0:0:64,4,0.518
1738,2,0:0:64,4,0.546
1739,2,0:0:64,4,0.568
1740,2,0:0:64,4,0.591
1741,2,0:0:64,4,0.607
1742,2,0:0:64,4,0.638
1743,2,0:0:64,4,0.66
1744,2,0:0:64,4,0.684
1745,2,0:0:64,4,0.704
1746,2,0:0:64,4,0.724
1747,2,0:0:64,4,0.742
1748,2,0:0:64,4,0.77
1749,2,0:0:64,4,0.798
1750,2,0:0:64,4,0.815
1751,2,0:0:64,4,0.835
1752,2,0:0:64,4,0.854
1753,2,0:0:64,4,0.876
1754,2,0:0:64,4,0.897
1755,2,0:0:64,4,0.918
1756,2,0:0:64,4,0.936
1757,2,0:0:64,4,0.961
1758,2,0:0:64,4,0.979
1759,2,0:0:64,4,1.006
1760,2,0:0:64,4,1.023
1761,2,0:0:64,4,1.039
1762,2,0:0:64,4,1.061
1763,2,0:0:64,4,1.09
1764,2,0:0:64,4,1.112
1765,2,0:0:64,4,1.139
1766,2,0:0:64,4,1.156
1767,2,0:0:64,4,1.177
1768,2,0:0:64,4,1.197
1769,2,0:0:64,4,1.214
1770,2,0:0:64,4,1.234
1771,2,0:0:64,4,1.252
1772,2,0:0:64,4,1.288
1773,1,3:3:0,4,1.307
1774,1,3:3:0,4,1.327
1775,1,3:3:0,4,1.356
1776,1,6:6:0,4,1.39
1777,1,10:10:0,4,1.409
1778,1,14:14:0,4,1.432
1779,1,14:14:0,4,1.449
1780,1,19:19:0,4,1.466
1781,1,21:21:0,4,1.486
1782,1,21:21:0,4,1.513
1783,1,29:29:0,4,1.532
1784,1,32:32:0,4,1.56
1785,1,37:37:0,4,1.591
1786,1,39:39:0,4,1.613
1787,1,39:39:0,4,1.649
1788,1,46:46:0,4,1.673
1789,1,53:53:0,4,1.704
1790,1,55:55:0,4,1.725
1791,1,58:58:0,4,1.743
1792,1,62:62:0,4,1.777
1793,1,67:67:0,4,1.803
1794,1,69:69:0,4,1.823
1795,1,74:74:0,4,1.85
1796,1,78:78:0,4,1.873
1797,1,81:81:0,4,1.899
1798,1,85:85:0,4,1.918
1799,1,85:85:0,4,1.941
1800,1,88:88:0,4,1.958
1801,1,90:90:0,4,1.991
1802,1,94:94:0,4,2.033
1803,1,97:97:0,4,2.055
1804,1,100:100:0,4,2.074
1805,1,101:101:0,4,2.101
1806,1,104:104:0,4,2.129
1807,1,106:106:0,4,2.148
1808,1,108:108:0,4,2.163
1809,1,108:108:0,4,2.179
1810,1,110:110:0,4,2.204
1811,1,112:112:0,4,2.227
1812,1,114:114:0,4,2.265
1813,1,118:118:0,4,2.283
1814,1,119:119:0,4,2.313
1815,1,121:121:0,4,2.337
1816,1,123:123:0,4,2.361
1817,1,124:124:0,4,2.392
1818,1,126:126:0,4,2.423
1819,1,129:129:0,4,2.447
1820,1,130:130:0,4,2.464
1821,1,130:130:0,4,2.482
1822,1,134:134:0,4,2.509
1823,1,135:135:0,4,2.533
1824,1,137:137:0,4,2.55
1825,1,139:139:0,4,2.566
1826,1,140:140:0,4,2.582
1827,1,141:141:0,4,2.614
1828,1,141:141:0,4,2.65
1829,1,146:146:0,4,2.671
1830,1,146:146:0,4,2.696
1831,1,148:148:0,4,2.724
1832,1,148:148:0,4,2.755
1833,1,150:150:0,4,2.777
1834,1,150:150:0,4,2.808
1835,1,150:150:0,4,2.829
1836,1,150:150:0,4,2.853
1837,1,150:150:0,4,2.874
1838,1,150:150:0,4,2.894
1839,1,150:150:0,4,2.917
1840,1,150:150:0,4,2.934
1841,1,150:150:0,4,2.955
1842,1,150:150:0,4,2.984
1843,1,150:150:0,4,3.003
1844,1,150:150:0,4,3.032
1845,1,150:150:0,4,3.055
1846,1,150:150:0,4,3.071
1847,1,150:150:0,4,3.1
1848,1,150:150:0,4,3.126
1849,1,150:150:0,4,3.147
1850,1,150:150:0,4,3.167
1851,1,150:150:0,4,3.191
1852,1,150:150:0,4,3.231
1853,1,150:150:0,4,3.245
1854,1,150:150:0,4,3.269
1855,1,150:150:0,4,3.289
1856,1,150:150:0,4,3.305
1857,1,150:150:0,4,3.335
1858,1,150:150:0,4,3.357
1859,1,150:150:0,4,3.384
1860,1,150:150:0,4,3.404
1861,1,150:150:0,4,3.421
1862,1,150:150:0,4,3.451
1863,1,150:150:0,4,3.474
1864,1,150:150:0,4,3.499
1865,1,150:150:0,4,3.519
1866,1,150:150:0,4,3.536
1867,1,150:150:0,4,3.554
1868,1,150:150:0,4,3.581
1869,1,150:150:0,4,3.596
1870,1,150:150:0,4,3.612
1871,1,150:150:0,4,3.634
1872,1,150:150:0,4,3.659
1873,1,150:150:0,4,3.682
1874,1,150:150:0,4,3.704
1875,1,150:150:0,4,3.717
1876,1,150:150:0,4,3.74
1877,1,150:150:0,4,3.767
1878,1,150:150:0,4,3.791
1879,1,150:150:0,4,3.811
1880,1,150:150:0,4,3.836
1881,1,150:150:0,4,3.856
1882,1,150:150:0,4,3.873
1883,1,150:150:0,4,3.899
1884,1,150:150:0,4,3.919
1885,1,150:150:0,4,3.935
1886,1,150:150:0,4,3.965
1887,1,150:150:0,4,3.982
1888,1,150:150:0,4,4.006
1889,1,150:150:0,4,4.038
1890,1,150:150:0,4,4.056
1891,1,14:14:0,4,4.078
1892,1,15:15:0,4,4.102
1893,1,16:16:0,4,4.124
1894,1,16:16:0,4,4.153
1895,1,16:16:0,4,4.171
1896,1,16:16:0,4,4.195
1897,1,22:22:0,4,4.216
1898,1,23:23:0,4,4.245
1899,1,25:25:0,4,4.268
1900,1,26:26:0,4,4.285
1901,1,28:28:0,4,4.308
1902,1,30:30:0,4,4.326
1903,1,30:30:0,4,4.347
1904,1,32:32:0,4,4.367
1905,1,33:33:0,4,4.392
1906,1,35:35:0,4,4.41
1907,1,36:36:0,4,4.435
1908,1,37:37:0,4,4.458
1909,1,39:39:0,4,4.478
1910,1,40:40:0,4,4.496
1911,1,40:40:0,4,4.516
1912,1,42:42:0,4,4.538
1913,1,44:44:0,4,4.564
1914,1,46:46:0,4,4.587
1915,1,50:50:0,4,4.612
1916,1,52:52:0,4,4.64
1917,1,54:54:0,4,4.656
1918,1,56:56:0,4,4.696
1919,1,62:62:0,4,4.713
1920,1,64:64:0,4,4.74
1921,1,69:69:0,4,4.757
1922,1,71:71:0,4,4.775
1923,1,73:73:0,4,4.802
1924,1,78:78:0,4,4.827
1925,1,80:80:0,4,4.85
1926,1,85:85:0,4,4.876
1927,1,87:87:0,4,4.894
1928,1,90:90:0,4,4.92
1929,1,94:94:0,4,4.937
1930,1,96:96:0,4,4.96
1931,1,99:99:0,4,4.985
1932,1,101:101:0,4,5.007
1933,1,103:103:0,4,5.031
1934,1,103:103:0,4,5.054
1935,1,103:103:0,4,5.075
1936,1,103:103:0,4,5.093
1937,1,103:103:0,4,5.128
1938,1,103:103:0,4,5.145
1939,1,103:103:0,4,5.168
1940,1,103:103:0,4,5.186
1941,1,103:103:0,4,5.209
1942,1,103:103:0,4,5.227
1943,1,103:103:0,4,5.246
1944,1,103:103:0,4,5.265
1945,1,103:103:0,4,5.284
1946,1,103:103:0,4,5.308
1947,1,103:103:0,4,5.326
1948,1,103:103:0,4,5.355
1949,1,103:103:0,4,5.375
1950,1,103:103:0,4,5.397
1951,1,103:103:0,4,5.414
1952,1,103:103:0,4,5.433
1953,1,103:103:0,4,5.455
1954,1,103:103:0,4,5.475
1955,1,103:103:0,4,5.494
1956,1,103:103:0,4,5.516
1957,1,103:103:0,4,5.539
1958,1,103:103:0,4,5.557
1959,1,103:103:0,4,5.582
1960,1,103:103:0,4,5.601
1961,1,103:103:0,4,5.625
1962,1,103:103:0,4,5.646
1963,1,103:103:0,4,5.669
1964,1,103:103:0,4,5.692
1965,1,103:103:0,4,5.715
1966,1,103:103:0,4,5.738
1967,1,103:103:0,4,5.753
1968,1,103:103:0,4,5.774
1969,1,103:103:0,4,5.795
1970,1,103:103:0,4,5.816
1971,1,103:103:0,4,5.84
1972,1,103:103:0,4,5.858
1973,1,103:103:0,4,5.883
1974,1,103:103:0,4,5.9
1975,1,103:103:0,4,5.916
1976,1,103:103:0,4,5.935
1977,1,103:103:0,4,5.958
1978,1,103:103:0,4,5.98
1979,1,4:4:0,4,5.999
1980,1,6:6:0,4,6.018
1981,1,6:6:0,4,6.045
1982,1,6:6:0,4,6.06
1983,1,6:6:0,4,6.082
1984,1,6:6:0,4,6.1
1985,1,6:6:0,4,6.123
1986,1,6:6:0,4,6.14
1987,1,6:6:0,4,6.167
1988,1,6:6:0,4,6.187
1989,1,6:6:0,4,6.207
1990,1,6:6:0,4,6.226
1991,1,6:6:0,4,6.246
1992,1,6:6:0,4,6.269
1993,1,6:6:0,4,6.297
1994,1,6:6:0,4,6.314
1995,1,6:6:0,4,6.342
1996,1,6:6:0,4,6.375
1997,1,6:6:0,4,6.39
1998,1,6:6:0,4,6.415
1999,1,6:6:0,4,6.439
2000,1,6:6:0,4,6.46
2001,1,6:6:0,4,6.481
2002,1,6:6:0,4,6.5
2003,1,6:6:0,4,6.518
2004,1,6:6:0,4,6.537
2005,1,6:6:0,4,6.559
2006,1,6:6:0,4,6.58
2007,1,6:6:0,4,6.606
2008,1,6:6:0,4,6.625
2009,1,6:6:0,4,6.646
2010,1,6:6:0,4,6.669
2011,1,6:6:0,4,6.691
2012,1,6:6:0,4,6.716
2013,1,6:6:0,4,6.734
2014,1,6:6:0,4,6.752
2015,1,6:6:0,4,6.776
2016,1,6:6:0,4,6.801
2017,1,253:253:0,4,6.821
2018,1,253:253:0,4,6.838
2019,1,253:253:0,4,6.859
2020,1,253:253:0,4,6.877
2021,1,253:253:0,4,6.899
2022,1,253:253:0,4,6.921
2023,1,253:253:0,4,6.937
2024,1,253:253:0,4,6.964
2025,1,253:253:0,4,6.983
2026,1,253:253:0,4,7.002
2027,1,253:253:0,4,7.037
2028,1,253:253:0,4,7.057
2029,1,253:253:0,4,7.073
2030,1,253:253:0,4,7.093
2031,1,253:253:0,4,7.115
2032,1,253:253:0,4,7.143
2033,1,253:253:0,4,7.159
2034,1,253:253:0,4,7.181
2035,1,253:253:0,4,7.21
2036,1,253:253:0,4,7.236
2037,1,253:253:0,4,7.257
2038,1,253:253:0,4,7.279
2039,1,253:253:0,4,7.299
2040,1,253:253:0,4,7.317
2041,1,253:253:0,4,7.335
2042,1,253:253:0,4,7.368
2043,1,253:253:0,4,7.391
2044,1,253:253:0,4,7.412
2045,1,253:253:0,4,7.427
2046,1,253:253:0,4,7.445
2047,1,253:253:0,4,7.47
2048,1,253:253:0,4,7.494
2049,1,253:253:0,4,7.514
2050,1,253:253:0,4,7.532
2051,1,253:253:0,4,7.552
2052,1,253:253:0,4,7.568
2053,1,253:253:0,4,7.587
2054,1,253:253:0,4,7.616
2055,1,253:253:0,4,7.634
2056,1,253:253:0,4,7.653
2057,1,253:253:0,4,7.672
2058,1,253:253:0,4,7.695
2059,1,253:253:0,4,7.716
2060,1,253:253:0,4,7.737
2061,1,253:253:0,4,7.754
2062,1,253:253:0,4,7.782
2063,1,253:253:0,4,7.802
2064,1,253:253:0,4,7.82
2065,1,253:253:0,4,7.84
2066,1,253:253:0,4,7.86
2067,1,253:253:0,4,7.886
2068,1,253:253:0,4,7.907
2069,1,253:253:0,4,7.929
2070,1,253:253:0,4,7.946
2071,1,253:253:0,4,7.964
2072,1,253:253:0,4,7.994
2073,1,253:253:0,4,8.017
2074,1,253:253:0,4,8.038
2075,1,253:253:0,4,8.064
2076,1,253:253:0,4,8.083
2077,1,253:253:0,4,8.101
2078,1,253:253:0,4,8.119
2079,1,253:253:0,4,8.14
2080,1,253:253:0,4,8.171
2081,1,253:253:0,4,8.193
2082,1,253:253:0,4,8.211
2083,1,253:253:0,4,8.247
2084,1,253:253:0,4,8.266
2085,0,177:0:0,4,8.283
2086,0,177:0:0,4,8.305
2087,0,177:0:0,4,8.324
2088,0,177:0:0,4,8.345
2089,0,177:0:0,4,8.365
2090,0,177:0:0,4,8.386
2091,0,177:0:0,4,8.407
2092,0,177:0:0,4,8.434
2093,0,177:0:0,4,8.453
2094,0,177:0:0,4,8.468
2095,0,177:0:0,4,8.486
2096,0,177:0:0,4,8.508
2097,0,177:0:0,4,8.53
2098,0,177:0:0,4,8.553
2099,0,177:0:0,4,8.579
2100,0,177:0:0,4,8.603
2101,0,177:0:0,4,8.623
2102,0,177:0:0,4,8.649
2103,0,177:0:0,4,8.669
2104,0,177:0:0,4,8.711
2105,0,177:0:0,4,8.737
2106,0,177:0:0,4,8.754
2107,0,177:0:0,4,8.769
2108,0,177:0:0,4,8.795
2109,0,177:0:0,4,8.814
2110,2,0:0:9,4,8.83
2111,2,0:0:9,4,8.851
2112,2,0:0:13,4,8.886
2113,2,0:0:28,4,8.903
2114,2,0:0:34,4,8.92
2115,2,0:0:34,4,8.945
2116,2,0:0:34,4,8.966
2117,2,0:0:46,4,8.994
2118,2,0:0:66,4,9.022
2119,2,0:0:79,4,9.04
2120,2,0:0:85,4,9.058
2121,2,0:0:90,4,9.094
2122,2,0:0:95,4,9.11
2123,2,0:0:95,4,9.128
2124,2,0:0:107,4,9.145
2125,2,0:0:109,4,9.172
2126,2,0:0:113,4,9.193
2127,2,0:0:114,4,9.216
2128,2,0:0:114,4,9.234
2129,2,0:0:114,4,9.25
2130,2,0:0:114,4,9.268
2131,2,0:0:114,4,9.296
2132,2,0:0:114,4,9.32
2133,2,0:0:109,4,9.337
2134,2,0:0:109,4,9.354
2135,2,0:0:103,4,9.38
2136,2,0:0:100,4,9.406
2137,2,0:0:91,4,9.429
2138,2,0:0:86,4,9.454
2139,2,0:0:73,4,9.482
2140,2,0:0:66,4,9.509
2141,2,0:0:66,4,9.524
2142,2,0:0:41,4,9.551
2143,2,0:0:23,4,9.578
2144,2,0:0:15,4,9.599
2145,2,0:0:15,4,9.626
2146,2,0:0:15,4,9.645
2147,2,0:0:15,4,9.677
2148,2,0:0:15,4,9.703
2149,2,0:0:15,4,9.725
2150,2,0:0:15,4,9.742
2151,2,0:0:15,4,9.767
2152,2,0:0:15,4,9.784
2153,2,0:0:15,4,9.802
2154,2,0:0:15,4,9.823
2155,2,0:0:15,4,9.844
2156,2,0:0:15,4,9.877
2157,2,0:0:15,4,9.902
2158,2,0:0:15,4,9.919
2159,2,0:0:15,4,9.938
2160,2,0:0:15,4,9.954
2161,2,0:0:15,4,9.978
2162,2,0:0:15,4,9.997
2163,2,0:0:15,4,10.013
2164,2,0:0:15,4,10.044
2165,2,0:0:15,4,10.072
2166,2,0:0:15,4,10.09
2167,2,0:0:15,4,10.113
2168,2,0:0:15,4,10.138
2169,2,0:0:15,4,10.16
2170,2,0:0:15,4,10.186
2171,2,0:0:15,4,10.206
2172,2,0:0:15,4,10.231
2173,2,0:0:15,4,10.255
2174,2,0:0:15,4,10.273
2175,2,0:0:15,4,10.298
2176,1,6:6:0,4,10.321
2177,1,8:8:0,4,10.35
2178,1,12:12:0,4,10.371
2179,1,12:12:0,4,10.391
2180,1,15:15:0,4,10.408
2181,1,19:19:0,4,10.426
2182,1,19:19:0,4,10.457
2183,1,22:22:0,4,10.477
2184,1,24:24:0,4,10.5
2185,1,26:26:0,4,10.517
2186,1,27:27:0,4,10.534
2187,1,27:27:0,4,10.564
2188,1,27:27:0,4,10.585
2189,1,27:27:0,4,10.603
2190,1,31:31:0,4,10.626
2191,1,32:32:0,4,10.647
2192,1,32:32:0,4,10.667
2193,1,33:33:0,4,10.688
2194,1,34:34:0,4,10.714
2195,1,36:36:0,4,10.737
2196,1,38:38:0,4,10.754
2197,1,41:41:0,4,10.786
2198,1,44:44:0,4,10.802
2199,1,44:44:0,4,10.821
2200,1,46:46:0,4,10.839
2201,1,47:47:0,4,10.861
2202,1,47:47:0,4,10.879
2203,1,49:49:0,4,10.898
2204,1,49:49:0,4,10.924
2205,1,49:49:0,4,10.944
2206,1,50:50:0,4,10.96
2207,1,50:50:0,4,10.976
2208,1,50:50:0,4,11.0
2209,1,50:50:0,4,11.022
2210,1,50:50:0,4,11.044
2211,1,50:50:0,4,11.06
2212,1,49:49:0,4,11.086
2213,1,48:48:0,4,11.104
2214,1,47:47:0,4,11.13
2215,1,46:46:0,4,11.15
2216,1,44:44:0,4,11.173
2217,1,43:43:0,4,11.202
2218,1,40:40:0,4,11.218
2219,1,39:39:0,4,11.236
2220,1,39:39:0,4,11.257
2221,1,35:35:0,4,11.279
2222,1,33:33:0,4,11.309
2223,1,30:30:0,4,11.328
2224,1,30:30:0,4,11.348
2225,1,27:27:0,4,11.367
2226,1,25:25:0,4,11.385
2227,1,24:24:0,4,11.42
2228,1,24:24:0,4,11.439
2229,1,20:20:0,4,11.469
2230,1,19:19:0,4,11.485
2231,1,18:18:0,4,11.503
2232,1,17:17:0,4,11.525
2233,1,16:16:0,4,11.545
2234,1,15:15:0,4,11.566
2235,1,13:13:0,4,11.59
2236,1,12:12:0,4,11.619
2237,1,12:12:0,4,11.636
2238,1,9:9:0,4,11.655
2239,1,8:8:0,4,11.672
2240,1,8:8:0,4,11.694
2241,1,6:6:0,4,11.718
2242,1,5:5:0,4,11.734
2243,1,3:3:0,4,11.759
2244,1,3:3:0,4,11.784
2245,1,3:3:0,4,11.804
2246,1,3:3:0,4,11.832
2247,1,3:3:0,4,11.848
2248,1,3:3:0,4,11.871
2249,1,3:3:0,4,11.888
2250,1,3:3:0,4,11.924
2251,1,3:3:0,4,11.944
2252,1,3:3:0,4,11.965
2253,1,3:3:0,4,11.988
2254,1,3:3:0,4,12.008
2255,1,3:3:0,4,12.039
2256,1,3:3:0,4,12.056
2257,1,3:3:0,4,12.073
2258,1,3:3:0,4,12.095
2259,1,3:3:0,4,12.125
2260,1,3:3:0,4,12.155
2261,1,3:3:0,4,12.18
2262,1,3:3:0,4,12.203
2263,1,3:3:0,4,12.227
2264,1,3:3:0,4,12.254
2265,1,3:3:0,4,12.272
2266,1,3:3:0,4,12.296
2267,1,3:3:0,4,12.313
2268,1,3:3:0,4,12.332
2269,1,3:3:0,4,12.359
2270,1,3:3:0,4,12.381
2271,1,3:3:0,4,12.405
2272,1,3:3:0,5,0.022
2273,1,3:3:0,5,0.044
2274,1,3:3:0,5,0.065
2275,1,3:3:0,5,0.087
2276,1,3:3:0,5,0.114
2277,1,3:3:0,5,0.132
2278,1,3:3:0,5,0.153
2279,1,3:3:0,5,0.17
2280,1,3:3:0,5,0.189
2281,1,3:3:0,5,0.211
2282,1,3:3:0,5,0.231
2283,1,3:3:0,5,0.249
2284,1,3:3:0,5,0.28
2285,1,3:3:0,5,0.306
2286,1,3:3:0,5,0.325
2287,1,3:3:0,5,0.349
2288,1,3:3:0,5,0.367
2289,1,3:3:0,5,0.399
2290,1,3:3:0,5,0.416
2291,1,3:3:0,5,0.443
2292,1,3:3:0,5,0.47
2293,1,3:3:0,5,0.491
2294,1,3:3:0,5,0.52
2295,1,3:3:0,5,0.539
2296,1,3:3:0,5,0.555
2297,1,3:3:0,5,0.584
2298,1,3:3:0,5,0.603
2299,1,3:3:0,5,0.621
2300,1,3:3:0,5,0.641
2301,1,3:3:0,5,0.666
2302,1,3:3:0,5,0.685
2303,1,3:3:0,5,0.713
2304,1,3:3:0,5,0.73
2305,1,3:3:0,5,0.748
2306,1,3:3:0,5,0.77
2307,1,3:3:0,5,0.795
2308,1,3:3:0,5,0.815
2309,1,3:3:0,5,0.841
2310,1,3:3:0,5,0.856
2311,1,3:3:0,5,0.875
2312,1,3:3:0,5,0.907
2313,1,3:3:0,5,0.934
2314,1,3:3:0,5,0.957
2315,1,3:3:0,5,0.978
2316,1,3:3:0,5,1.0
2317,1,3:3:0,5,1.023
2318,1,3:3:0,5,1.04
2319,1,3:3:0,5,1.066
2320,1,3:3:0,5,1.085
2321,1,3:3:0,5,1.103
2322,1,3:3:0,5,1.14
2323,1,3:3:0,5,1.159
2324,1,3:3:0,5,1.181
2325,1,3:3:0,5,1.199
2326,1,3:3:0,5,1.216
2327,1,3:3:0,5,1.239
2328,1,3:3:0,5,1.255
2329,1,3:3:0,5,1.272
2330,1,3:3:0,5,1.297
2331,1,3:3:0,5,1.319
2332,1,3:3:0,5,1.346
2333,1,3:3:0,5,1.366
2334,1,3:3:0,5,1.398
2335,1,3:3:0,5,1.414
2336,1,3:3:0,5,1.432
2337,1,3:3:0,5,1.455
2338,1,3:3:0,5,1.48
2339,1,3:3:0,5,1.5
2340,1,3:3:0,5,1.522
2341,1,3:3:0,5,1.554
2342,1,3:3:0,5,1.575
2343,1,3:3:0,5,1.597
2344,1,3:3:0,5,1.619
2345,1,3:3:0,5,1.64
2346,1,3:3:0,5,1.668
2347,1,3:3:0,5,1.687
2348,1,3:3:0,5,1.714
2349,1,3:3:0,5,1.733
2350,2,0:0:44,5,1.751
2351,2,0:0:46,5,1.771
2352,2,0:0:48,5,1.8
2353,2,0:0:51,5,1.818
2354,2,0:0:53,5,1.84
2355,2,0:0:56,5,1.866
2356,2,0:0:56,5,1.883
2357,2,0:0:60,5,1.914
2358,2,0:0:62,5,1.934
2359,2,0:0:65,5,1.961
2360,2,0:0:69,5,1.982
2361,2,0:0:69,5,2.006
2362,2,0:0:69,5,2.03
2363,2,0:0:76,5,2.048
2364,2,0:0:78,5,2.063
2365,2,0:0:79,5,2.08
2366,2,0:0:79,5,2.108
2367,2,0:0:83,5,2.129
2368,2,0:0:85,5,2.148
2369,2,0:0:86,5,2.171
2370,2,0:0:87,5,2.188
2371,2,0:0:89,5,2.211
2372,2,0:0:91,5,2.231
2373,2,0:0:92,5,2.251
2374,2,0:0:93,5,2.279
2375,2,0:0:94,5,2.301
2376,2,0:0:95,5,2.319
2377,2,0:0:95,5,2.341
2378,2,0:0:94,5,2.369
2379,2,0:0:93,5,2.392
2380,2,0:0:87,5,2.413
2381,2,0:0:83,5,2.431
2382,2,0:0:79,5,2.458
2383,2,0:0:73,5,2.481
2384,2,0:0:62,5,2.506
2385,2,0:0:55,5,2.524
2386,2,0:0:55,5,2.55
2387,2,0:0:33,5,2.568
2388,2,0:0:33,5,2.59
2389,2,0:0:18,5,2.608
2390,2,0:0:18,5,2.645
2391,2,0:0:18,5,2.661
2392,2,0:0:18,5,2.68
2393,2,0:0:18,5,2.701
2394,2,0:0:18,5,2.727
2395,2,0:0:18,5,2.753
2396,2,0:0:18,5,2.772
2397,2,0:0:18,5,2.795
2398,2,0:0:18,5,2.816
2399,2,0:0:18,5,2.835
2400,2,0:0:18,5,2.855
2401,2,0:0:18,5,2.882
2402,2,0:0:18,5,2.9
2403,2,0:0:18,5,2.922
2404,2,0:0:18,5,2.941
2405,2,0:0:18,5,2.957
2406,2,0:0:18,5,2.983
2407,2,0:0:18,5,3.006
2408,2,0:0:18,5,3.022
2409,2,0:0:18,5,3.064
2410,2,0:0:18,5,3.089
2411,2,0:0:18,5,3.109
2412,2,0:0:18,5,3.134
2413,2,0:0:18,5,3.151
2414,2,0:0:18,5,3.169
2415,2,0:0:18,5,3.199
2416,2,0:0:18,5,3.218
2417,2,0:0:18,5,3.235
2418,2,0:0:18,5,3.268
2419,2,0:0:18,5,3.298
2420,2,0:0:18,5,3.316
2421,2,0:0:18,5,3.338
2422,2,0:0:18,5,3.357
2423,2,0:0:18,5,3.377
2424,2,0:0:18,5,3.406
2425,0,23:0:0,5,3.425
2426,0,23:0:0,5,3.445
2427,0,27:0:0,5,3.472
2428,0,29:0:0,5,3.49
2429,0,33:0:0,5,3.509
2430,0,35:0:0,5,3.531
2431,0,37:0:0,5,3.553
2432,0,40:0:0,5,3.576
2433,0,42:0:0,5,3.598
2434,0,44:0:0,5,3.618
2435,0,46:0:0,5,3.642
2436,0,48:0:0,5,3.662
2437,0,50:0:0,5,3.69
2438,0,51:0:0,5,3.708
2439,0,52:0:0,5,3.728
2440,0,54:0:0,5,3.756
2441,0,56:0:0,5,3.776
2442,0,58:0:0,5,3.803
2443,0,59:0:0,5,3.82
2444,0,60:0:0,5,3.838
2445,0,61:0:0,5,3.856
2446,0,62:0:0,5,3.884
2447,0,63:0:0,5,3.906
2448,0,64:0:0,5,3.931
2449,0,65:0:0,5,3.954
2450,0,66:0:0,5,3.982
2451,0,68:0:0,5,3.999
2452,0,69:0:0,5,4.018
2453,0,69:0:0,5,4.034
2454,0,70:0:0,5,4.051
2455,0,70:0:0,5,4.071
2456,0,71:0:0,5,4.089
2457,0,71:0:0,5,4.11
2458,0,72:0:0,5,4.131
2459,0,72:0:0,5,4.148
2460,0,72:0:0,5,4.168
2461,0,73:0:0,5,4.19
2462,0,74:0:0,5,4.212
2463,0,75:0:0,5,4.231
2464,0,75:0:0,5,4.25
2465,0,76:0:0,5,4.267
2466,0,76:0:0,5,4.29
2467,0,76:0:0,5,4.313
2468,0,76:0:0,5,4.331
2469,0,76:0:0,5,4.347
2470,0,77:0:0,5,4.368
2471,0,77:0:0,5,4.386
2472,0,77:0:0,5,4.404
2473,0,77:0:0,5,4.423
2474,0,77:0:0,5,4.444
2475,0,77:0:0,5,4.46
2476,0,77:0:0,5,4.485
2477,0,77:0:0,5,4.507
2478,0,77:0:0,5,4.527
2479,0,76:0:0,5,4.545
2480,0,76:0:0,5,4.564
2481,0,76:0:0,5,4.596
2482,0,76:0:0,5,4.616
2483,0,76:0:0,5,4.637
2484,0,76:0:0,5,4.658
2485,0,76:0:0,5,4.676
2486,0,77:0:0,5,4.7
2487,0,77:0:0,5,4.725
2488,0,77:0:0,5,4.742
2489,0,76:0:0,5,4.766
2490,0,76:0:0,5,4.784
2491,0,75:0:0,5,4.802
2492,0,74:0:0,5,4.83
2493,0,72:0:0,5,4.85
2494,0,70:0:0,5,4.874
2495,0,69:0:0,5,4.891
2496,0,65:0:0,5,4.91
2497,0,64:0:0,5,4.941
2498,0,62:0:0,5,4.964
2499,0,59:0:0,5,4.984
2500,0,58:0:0,5,5.006
2501,0,56:0:0,5,5.025
2502,0,55:0:0,5,5.045
2503,0,55:0:0,5,5.061
2504,0,54:0:0,5,5.081
2505,0,54:0:0,5,5.104
2506,0,54:0:0,5,5.131
2507,0,53:0:0,5,5.158
2508,0,53:0:0,5,5.175
2509,0,53:0:0,5,5.192
2510,0,52:0:0,5,5.212
2511,0,52:0:0,5,5.241
2512,0,52:0:0,5,5.262
2513,0,52:0:0,5,5.291
2514,0,51:0:0,5,5.309
2515,0,51:0:0,5,5.326
2516,0,51:0:0,5,5.347
2517,0,51:0:0,5,5.377
2518,0,51:0:0,5,5.396
2519,0,51:0:0,5,5.422
2520,0,51:0:0,5,5.445
2521,0,51:0:0,5,5.47
2522,0,52:0:0,5,5.488
2523,0,52:0:0,5,5.507
2524,0,52:0:0,5,5.525
2525,0,52:0:0,5,5.551
2526,0,52:0:0,5,5.589
2527,0,52:0:0,5,5.611
2528,0,52:0:0,5,5.631
2529,0,52:0:0,5,5.647
2530,0,52:0:0,5,5.664
2531,0,52:0:0,5,5.688
2532,0,52:0:0,5,5.707
2533,0,52:0:0,5,5.724
2534,0,52:0:0,5,5.747
2535,0,52:0:0,5,5.764
2536,0,52:0:0,5,5.781
2537,0,52:0:0,5,5.799
2538,0,52:0:0,5,5.818
2539,0,52:0:0,5,5.838
2540,0,52:0:0,5,5.853
2541,0,52:0:0,5,5.883
2542,0,52:0:0,5,5.907
