id,value,value-mode
0,242:140,paitning
1,242:140,paitning
2,242:140,paitning
3,242:140,paitning
4,242:140,paitning
5,242:140,paitning
6,242:140,paitning
7,242:140,paitning
8,242:140,paitning
9,242:140,paitning
10,242:140,paitning
11,242:140,paitning
12,242:140,paitning
13,242:140,paitning
14,242:140,paitning
15,242:140,paitning
16,242:140,paitning
17,242:140,paitning
18,242:140,paitning
19,242:140,paitning
20,242:140,paitning
21,242:140,paitning
22,242:140,paitning
23,242:140,paitning
24,242:140,paitning
25,242:140,paitning
26,242:140,paitning
27,242:140,paitning
28,242:140,paitning
29,242:140,paitning
30,242:140,paitning
31,242:140,paitning
32,242:140,paitning
33,242:140,paitning
34,242:140,paitning
35,242:140,paitning
36,242:140,paitning
37,242:140,paitning
38,242:140,paitning
39,242:140,paitning
40,242:140,paitning
41,242:140,paitning
42,242:140,paitning
43,242:140,paitning
44,242:140,paitning
45,242:140,paitning
46,242:140,paitning
47,242:140,paitning
48,242:140,paitning
49,242:140,paitning
50,242:140,paitning
51,242:140,paitning
52,242:140,paitning
53,242:140,paitning
54,242:140,paitning
55,242:140,paitning
56,242:140,paitning
57,242:140,paitning
58,242:140,paitning
59,242:140,paitning
60,242:140,paitning
61,242:140,paitning
62,242:140,paitning
63,242:140,paitning
64,242:140,paitning
65,242:140,paitning
66,242:140,paitning
67,242:140,paitning
68,242:140,paitning
69,242:140,paitning
70,242:140,paitning
71,242:140,paitning
72,242:140,paitning
73,242:140,paitning
74,242:140,paitning
75,242:140,paitning
76,242:140,paitning
77,242:140,paitning
78,242:140,paitning
79,242:140,paitning
80,242:140,paitning
81,242:140,paitning
82,242:140,paitning
83,242:140,paitning
84,242:140,paitning
85,242:140,paitning
86,242:140,paitning
87,242:140,paitning
88,242:140,paitning
89,242:140,paitning
90,242:140,paitning
91,242:140,paitning
92,242:140,paitning
93,242:140,paitning
94,242:140,paitning
95,242:140,paitning
96,242:140,paitning
97,242:140,paitning
98,242:140,paitning
99,242:140,paitning
100,242:140,paitning
101,242:140,paitning
102,242:140,paitning
103,242:140,paitning
104,242:140,paitning
105,242:140,paitning
106,242:140,paitning
107,242:140,paitning
108,242:140,paitning
109,242:140,paitning
110,242:140,paitning
111,242:140,paitning
112,242:140,paitning
113,242:140,paitning
114,242:140,paitning
115,242:140,paitning
116,242:140,paitning
117,242:140,paitning
118,242:140,paitning
119,242:140,paitning
120,242:140,paitning
121,242:140,paitning
122,242:140,paitning
123,242:140,paitning
124,242:140,paitning
125,242:140,paitning
126,242:140,paitning
127,242:140,paitning
128,242:140,paitning
129,242:140,paitning
130,242:140,paitning
131,242:140,paitning
132,242:140,paitning
133,242:140,paitning
134,242:140,paitning
135,242:140,paitning
136,242:140,paitning
137,242:140,paitning
138,242:140,paitning
139,242:140,paitning
140,242:140,paitning
141,242:140,paitning
142,242:140,paitning
143,242:140,paitning
144,242:140,paitning
145,242:140,paitning
146,242:140,paitning
147,242:140,paitning
148,242:140,paitning
149,242:140,paitning
150,242:140,paitning
151,242:140,paitning
152,242:140,paitning
153,242:140,paitning
154,242:140,paitning
155,242:140,paitning
156,242:140,paitning
157,242:140,paitning
158,242:140,paitning
159,242:140,paitning
160,242:140,paitning
161,242:140,paitning
162,242:140,paitning
163,242:140,paitning
164,242:140,paitning
165,242:140,paitning
166,242:140,paitning
167,242:140,paitning
168,242:140,paitning
169,242:140,paitning
170,242:140,paitning
171,242:140,paitning
172,242:140,paitning
173,242:140,paitning
174,242:140,paitning
175,242:140,paitning
176,242:140,paitning
177,242:140,paitning
178,242:140,paitning
179,242:140,paitning
180,242:140,paitning
181,242:140,paitning
182,242:140,paitning
183,242:140,paitning
184,242:140,paitning
185,242:140,paitning
186,242:140,paitning
187,242:140,paitning
188,242:140,paitning
189,242:140,paitning
190,242:140,paitning
191,242:140,paitning
192,242:140,paitning
193,242:140,paitning
194,242:140,paitning
195,242:140,paitning
196,242:140,paitning
197,242:140,paitning
198,242:140,paitning
199,242:140,paitning
200,242:140,paitning
201,242:140,paitning
202,242:140,paitning
203,242:140,paitning
204,242:140,paitning
205,242:140,paitning
206,242:140,paitning
207,242:140,paitning
208,242:140,paitning
209,242:140,paitning
210,242:140,paitning
211,242:140,paitning
212,242:140,paitning
213,242:140,paitning
214,242:140,paitning
215,242:140,paitning
216,242:140,paitning
217,242:140,paitning
218,242:140,paitning
219,242:140,paitning
220,242:140,paitning
221,242:140,paitning
222,242:140,paitning
223,242:140,paitning
224,242:140,paitning
225,242:140,paitning
226,242:140,paitning
227,242:140,paitning
228,242:140,paitning
229,242:140,paitning
230,242:140,paitning
231,242:140,paitning
232,242:140,paitning
233,242:140,paitning
234,242:140,paitning
235,242:140,paitning
236,242:140,paitning
237,242:140,paitning
238,242:140,paitning
239,242:140,paitning
240,242:140,paitning
241,242:140,paitning
242,242:140,paitning
243,242:140,paitning
244,242:140,paitning
245,242:140,paitning
246,242:140,paitning
247,242:140,paitning
248,242:140,paitning
249,242:140,paitning
250,242:140,paitning
251,242:140,paitning
252,242:140,paitning
253,242:140,paitning
254,242:140,paitning
255,242:140,paitning
256,242:140,paitning
257,242:140,paitning
258,242:140,paitning
259,242:140,paitning
260,242:140,paitning
261,242:140,paitning
262,242:140,paitning
263,242:140,paitning
264,242:140,paitning
265,242:140,paitning
266,242:140,paitning
267,242:140,paitning
268,242:140,paitning
269,242:140,paitning
270,242:140,paitning
271,242:140,paitning
272,242:140,paitning
273,242:140,paitning
274,242:140,paitning
275,242:140,paitning
276,242:140,paitning
277,242:140,paitning
278,242:140,paitning
279,242:140,paitning
280,242:140,paitning
281,242:140,paitning
282,242:140,paitning
283,242:140,paitning
284,242:140,paitning
285,242:140,paitning
286,242:140,paitning
287,242:140,paitning
288,242:140,paitning
289,242:140,paitning
290,242:140,paitning
291,242:140,paitning
292,242:140,paitning
293,242:140,paitning
294,242:140,paitning
295,242:140,paitning
296,242:140,paitning
297,242:140,paitning
298,242:140,paitning
299,242:140,paitning
300,242:140,paitning
301,242:140,paitning
302,242:140,paitning
303,242:140,paitning
304,242:140,paitning
305,242:140,paitning
306,242:140,paitning
307,242:140,paitning
308,242:140,paitning
309,242:140,paitning
310,242:140,paitning
311,242:140,paitning
312,242:140,paitning
313,242:140,paitning
314,242:140,paitning
315,242:140,paitning
316,242:140,paitning
317,242:140,paitning
318,242:140,paitning
319,242:140,paitning
320,242:140,paitning
321,242:140,paitning
322,242:140,paitning
323,242:140,paitning
324,242:140,paitning
325,242:140,paitning
326,242:140,paitning
327,242:140,paitning
328,242:140,paitning
329,242:140,paitning
330,242:140,paitning
331,242:140,paitning
332,242:140,paitning
333,242:140,paitning
334,242:140,paitning
335,242:140,paitning
336,242:140,paitning
337,242:140,paitning
338,242:140,paitning
339,242:140,paitning
340,242:140,paitning
341,242:140,paitning
342,242:140,paitning
343,242:140,paitning
344,242:140,paitning
345,242:140,paitning
346,242:140,paitning
347,242:140,paitning
348,242:140,paitning
349,242:140,paitning
350,242:140,paitning
351,242:140,paitning
352,242:140,paitning
353,242:140,paitning
354,242:140,paitning
355,242:140,paitning
356,242:140,paitning
357,242:140,paitning
358,242:140,paitning
359,242:140,paitning
360,242:140,paitning
361,242:140,paitning
362,242:140,paitning
363,242:140,paitning
364,242:140,paitning
365,242:140,paitning
366,242:140,paitning
367,242:140,paitning
368,242:140,paitning
369,242:140,paitning
370,242:140,paitning
371,242:140,paitning
372,242:140,paitning
373,242:140,paitning
374,242:140,paitning
375,242:140,paitning
376,242:140,paitning
377,0:71,nib
378,0:71,nib
379,0:71,nib
380,0:71,nib
381,0:71,nib
382,0:71,nib
383,0:71,nib
384,0:71,nib
385,0:71,nib
386,0:71,nib
387,0:71,nib
388,0:71,nib
389,0:71,nib
390,0:71,nib
391,0:71,nib
392,0:71,nib
393,0:71,nib
394,0:71,nib
395,0:71,nib
396,0:71,nib
397,0:71,nib
398,0:71,nib
399,0:71,nib
400,0:71,nib
401,0:71,nib
402,0:71,nib
403,0:71,nib
404,8:0:5,paint
405,8:0:5,paint
406,8:0:5,paint
407,8:0:5,paint
408,8:0:5,paint
409,8:0:5,paint
410,8:0:5,paint
411,8:0:5,paint
412,8:0:5,paint
413,8:0:5,paint
414,8:0:5,paint
415,8:0:5,paint
416,8:0:5,paint
417,8:0:5,paint
418,8:0:5,paint
419,8:0:5,paint
420,8:0:5,paint
421,8:0:5,paint
422,8:0:5,paint
423,8:0:5,paint
424,8:0:5,paint
425,8:0:5,paint
426,8:0:5,paint
427,8:0:5,paint
428,8:0:5,paint
429,8:0:5,paint
430,8:0:5,paint
431,8:0:5,paint
432,8:0:5,paint
433,8:0:5,paint
434,8:0:5,paint
435,8:0:5,paint
436,8:0:5,paint
437,8:0:5,paint
438,8:0:5,paint
439,8:0:5,paint
440,8:0:5,paint
441,8:0:5,paint
442,8:0:5,paint
443,8:0:5,paint
444,8:0:5,paint
445,8:0:5,paint
446,8:0:5,paint
447,8:0:5,paint
448,8:0:5,paint
449,8:0:5,paint
450,8:0:5,paint
451,8:0:5,paint
452,8:0:5,paint
453,8:0:5,paint
454,8:0:5,paint
455,8:0:5,paint
456,8:0:5,paint
457,8:0:5,paint
458,8:0:5,paint
459,8:0:5,paint
460,8:0:5,paint
461,8:0:5,paint
462,8:0:5,paint
463,8:0:5,paint
464,8:0:5,paint
465,8:0:5,paint
466,8:0:5,paint
467,8:0:5,paint
468,8:0:5,paint
469,8:0:5,paint
470,8:0:5,paint
471,8:0:5,paint
472,8:0:5,paint
473,8:0:5,paint
474,8:0:5,paint
475,8:0:5,paint
476,8:0:5,paint
477,8:0:5,paint
478,8:0:5,paint
479,8:0:5,paint
480,8:0:5,paint
481,8:0:5,paint
482,8:0:5,paint
483,8:0:5,paint
484,8:0:5,paint
485,8:0:5,paint
486,8:0:5,paint
487,8:0:5,paint
488,8:0:5,paint
489,8:0:5,paint
490,8:0:5,paint
491,8:0:5,paint
492,8:0:5,paint
493,8:0:5,paint
494,8:0:5,paint
495,8:0:5,paint
496,8:0:5,paint
497,8:0:5,paint
498,8:0:5,paint
499,8:0:5,paint
500,8:0:5,paint
501,8:0:5,paint
502,8:0:5,paint
503,8:0:5,paint
504,8:0:5,paint
505,8:0:5,paint
506,8:0:5,paint
507,8:0:5,paint
508,8:0:5,paint
509,8:0:5,paint
510,8:0:5,paint
511,8:0:5,paint
512,8:0:5,paint
513,8:0:5,paint
514,8:0:5,paint
515,8:0:5,paint
516,8:0:5,paint
517,8:0:5,paint
518,8:0:5,paint
519,8:0:5,paint
520,8:0:5,paint
521,8:0:5,paint
522,8:0:5,paint
523,8:0:5,paint
524,8:0:5,paint
525,8:0:5,paint
526,8:0:5,paint
527,8:0:5,paint
528,8:0:5,paint
529,8:0:5,paint
530,8:0:5,paint
531,8:0:5,paint
532,8:0:5,paint
533,8:0:5,paint
534,8:0:5,paint
535,8:0:5,paint
536,8:0:5,paint
537,8:0:5,paint
538,8:0:5,paint
539,8:0:5,paint
540,8:0:5,paint
541,8:0:5,paint
542,8:0:5,paint
543,8:0:5,paint
544,8:0:5,paint
545,8:0:5,paint
546,8:0:5,paint
547,8:0:5,paint
548,8:0:5,paint
549,8:0:5,paint
550,8:0:5,paint
551,8:0:5,paint
552,8:0:5,paint
553,8:0:5,paint
554,8:0:5,paint
555,8:0:5,paint
556,8:0:5,paint
557,8:0:5,paint
558,8:0:5,paint
559,8:0:5,paint
560,8:0:5,paint
561,8:0:5,paint
562,8:0:5,paint
563,8:0:5,paint
564,8:0:5,paint
565,8:0:5,paint
566,8:0:5,paint
567,8:0:5,paint
568,8:0:5,paint
569,8:0:5,paint
570,8:0:5,paint
571,8:0:5,paint
572,8:0:5,paint
573,8:0:5,paint
574,8:0:5,paint
575,8:0:5,paint
576,8:0:5,paint
577,8:0:5,paint
578,8:0:5,paint
579,8:0:5,paint
580,8:0:5,paint
581,8:0:5,paint
582,8:0:5,paint
583,8:0:5,paint
584,8:0:5,paint
585,8:0:5,paint
586,8:0:5,paint
587,8:0:5,paint
588,8:0:5,paint
589,8:0:5,paint
590,8:0:5,paint
591,8:0:5,paint
592,8:0:5,paint
593,8:0:5,paint
594,8:0:5,paint
595,8:0:5,paint
596,8:0:5,paint
597,8:0:5,paint
598,8:0:5,paint
599,8:0:5,paint
600,8:0:5,paint
601,8:0:5,paint
602,8:0:5,paint
603,8:0:5,paint
604,8:0:5,paint
605,8:0:5,paint
606,8:0:5,paint
607,8:0:5,paint
608,8:0:5,paint
609,8:0:5,paint
610,8:0:5,paint
611,8:0:5,paint
612,8:0:5,paint
613,8:0:5,paint
614,8:0:5,paint
615,8:0:5,paint
616,8:0:5,paint
617,8:0:5,paint
618,8:0:5,paint
619,8:0:5,paint
620,8:0:5,paint
621,8:0:5,paint
622,8:0:5,paint
623,8:0:5,paint
624,8:0:5,paint
625,8:0:5,paint
626,8:0:5,paint
627,8:0:5,paint
628,8:0:5,paint
629,8:0:5,paint
630,8:0:5,paint
631,8:0:5,paint
632,8:0:5,paint
633,8:0:5,paint
634,8:0:5,paint
635,8:0:5,paint
636,8:0:5,paint
637,8:0:5,paint
638,8:0:5,paint
639,8:0:5,paint
640,8:0:5,paint
641,8:0:5,paint
642,8:0:5,paint
643,8:0:5,paint
644,8:0:5,paint
645,8:0:5,paint
646,8:0:5,paint
647,8:0:5,paint
648,8:0:5,paint
649,8:0:5,paint
650,8:0:5,paint
651,8:0:5,paint
652,8:0:5,paint
653,8:0:5,paint
654,8:0:5,paint
655,8:0:5,paint
656,8:0:5,paint
657,8:0:5,paint
658,8:0:5,paint
659,8:0:5,paint
660,8:0:5,paint
661,8:0:5,paint
662,8:0:5,paint
663,8:0:5,paint
664,8:0:5,paint
665,8:0:5,paint
666,8:0:5,paint
667,8:0:5,paint
668,8:0:5,paint
669,8:0:5,paint
670,8:0:5,paint
671,8:0:5,paint
672,8:0:5,paint
673,8:0:5,paint
674,8:0:5,paint
675,8:0:5,paint
676,8:0:5,paint
677,8:0:5,paint
678,8:0:5,paint
679,8:0:5,paint
680,8:0:5,paint
681,8:0:5,paint
682,8:0:5,paint
683,8:0:5,paint
684,8:0:5,paint
685,8:0:5,paint
686,8:0:5,paint
687,13:8:0,paint
688,13:8:0,paint
689,13:8:0,paint
690,13:8:0,paint
691,13:8:0,paint
692,13:8:0,paint
693,41:34:0,paint
694,41:34:0,paint
695,41:34:0,paint
696,41:34:0,paint
697,41:34:0,paint
698,58:51:0,paint
699,76:69:0,paint
700,76:69:0,paint
701,76:69:0,paint
702,76:69:0,paint
703,76:69:0,paint
704,95:87:0,paint
705,113:106:0,paint
706,113:106:0,paint
707,113:106:0,paint
708,113:106:0,paint
709,113:106:0,paint
710,133:125:0,paint
711,154:145:0,paint
712,154:145:0,paint
713,154:145:0,paint
714,154:145:0,paint
715,154:145:0,paint
716,165:157:0,paint
717,177:169:0,paint
718,177:169:0,paint
719,177:169:0,paint
720,177:169:0,paint
721,177:169:0,paint
722,177:169:0,paint
723,192:183:0,paint
724,192:183:0,paint
725,192:183:0,paint
726,192:183:0,paint
727,192:183:0,paint
728,196:188:0,paint
729,201:193:0,paint
730,201:193:0,paint
731,201:193:0,paint
732,201:193:0,paint
733,201:193:0,paint
734,212:204:0,paint
735,212:204:0,paint
736,212:204:0,paint
737,212:204:0,paint
738,212:204:0,paint
739,212:204:0,paint
740,223:215:0,paint
741,223:215:0,paint
742,223:215:0,paint
743,223:215:0,paint
744,223:215:0,paint
745,223:215:0,paint
746,229:221:0,paint
747,229:221:0,paint
748,229:221:0,paint
749,229:221:0,paint
750,229:221:0,paint
751,241:233:0,paint
752,248:240:0,paint
753,248:240:0,paint
754,248:240:0,paint
755,248:240:0,paint
756,248:240:0,paint
757,248:240:0,paint
758,260:252:0,paint
759,260:252:0,paint
760,260:252:0,paint
761,260:252:0,paint
762,260:252:0,paint
763,260:252:0,paint
764,267:259:0,paint
765,267:259:0,paint
766,267:259:0,paint
767,267:259:0,paint
768,267:259:0,paint
769,267:259:0,paint
770,271:262:0,paint
771,271:262:0,paint
772,271:262:0,paint
773,271:262:0,paint
774,271:262:0,paint
775,271:262:0,paint
776,271:262:0,paint
777,271:262:0,paint
778,271:262:0,paint
779,271:262:0,paint
780,271:262:0,paint
781,271:262:0,paint
782,271:262:0,paint
783,271:262:0,paint
784,271:262:0,paint
785,271:262:0,paint
786,271:262:0,paint
787,271:262:0,paint
788,271:262:0,paint
789,271:262:0,paint
790,271:262:0,paint
791,271:262:0,paint
792,271:262:0,paint
793,271:262:0,paint
794,271:262:0,paint
795,271:262:0,paint
796,271:262:0,paint
797,271:262:0,paint
798,271:262:0,paint
799,271:262:0,paint
800,271:262:0,paint
801,271:262:0,paint
802,271:262:0,paint
803,271:262:0,paint
804,271:262:0,paint
805,271:262:0,paint
806,271:262:0,paint
807,271:262:0,paint
808,271:262:0,paint
809,271:262:0,paint
810,271:262:0,paint
811,271:262:0,paint
812,271:262:0,paint
813,271:262:0,paint
814,271:262:0,paint
815,271:262:0,paint
816,271:262:0,paint
817,271:262:0,paint
818,271:262:0,paint
819,271:262:0,paint
820,271:262:0,paint
821,271:262:0,paint
822,271:262:0,paint
823,271:262:0,paint
824,271:262:0,paint
825,271:262:0,paint
826,271:262:0,paint
827,271:262:0,paint
828,271:262:0,paint
829,271:262:0,paint
830,271:262:0,paint
831,271:262:0,paint
832,271:262:0,paint
833,271:262:0,paint
834,271:262:0,paint
835,271:262:0,paint
836,271:262:0,paint
837,271:262:0,paint
838,271:262:0,paint
839,271:262:0,paint
840,271:262:0,paint
841,271:262:0,paint
842,271:262:0,paint
843,271:262:0,paint
844,271:262:0,paint
845,271:262:0,paint
846,271:262:0,paint
847,271:262:0,paint
848,271:262:0,paint
849,271:262:0,paint
850,271:262:0,paint
851,271:262:0,paint
852,271:262:0,paint
853,271:262:0,paint
854,271:262:0,paint
855,271:262:0,paint
856,271:262:0,paint
857,271:262:0,paint
858,271:262:0,paint
859,271:262:0,paint
860,271:262:0,paint
861,271:262:0,paint
862,271:262:0,paint
863,271:262:0,paint
864,271:262:0,paint
865,271:262:0,paint
866,271:262:0,paint
867,271:262:0,paint
868,271:262:0,paint
869,271:262:0,paint
870,271:262:0,paint
871,271:262:0,paint
872,271:262:0,paint
873,271:262:0,paint
874,271:262:0,paint
875,271:262:0,paint
876,271:262:0,paint
877,271:262:0,paint
878,271:262:0,paint
879,271:262:0,paint
880,271:262:0,paint
881,271:262:0,paint
882,271:262:0,paint
883,271:262:0,paint
884,271:262:0,paint
885,271:262:0,paint
886,271:262:0,paint
887,271:262:0,paint
888,271:262:0,paint
889,271:262:0,paint
890,271:262:0,paint
891,271:262:0,paint
892,271:262:0,paint
893,271:262:0,paint
894,271:262:0,paint
895,271:262:0,paint
896,271:262:0,paint
897,271:262:0,paint
898,271:262:0,paint
899,271:262:0,paint
900,271:262:0,paint
901,271:262:0,paint
902,271:262:0,paint
903,271:262:0,paint
904,271:262:0,paint
905,271:262:0,paint
906,271:262:0,paint
907,271:262:0,paint
908,271:262:0,paint
909,271:262:0,paint
910,271:262:0,paint
911,271:262:0,paint
912,271:262:0,paint
913,271:262:0,paint
914,271:262:0,paint
915,271:262:0,paint
916,271:262:0,paint
917,271:262:0,paint
918,271:262:0,paint
919,271:262:0,paint
920,11:5:0,paint
921,11:5:0,paint
922,11:5:0,paint
923,11:5:0,paint
924,11:5:0,paint
925,11:5:0,paint
926,41:22:0,paint
927,41:22:0,paint
928,41:22:0,paint
929,41:22:0,paint
930,41:22:0,paint
931,41:22:0,paint
932,59:37:0,paint
933,59:37:0,paint
934,59:37:0,paint
935,59:37:0,paint
936,59:37:0,paint
937,77:33:0,paint
938,146:79:0,paint
939,146:79:0,paint
940,146:79:0,paint
941,146:79:0,paint
942,146:79:0,paint
943,146:79:0,paint
944,181:97:0,paint
945,181:97:0,paint
946,181:97:0,paint
947,181:97:0,paint
948,181:97:0,paint
949,181:98:0,paint
950,199:105:0,paint
951,199:105:0,paint
952,199:105:0,paint
953,199:105:0,paint
954,199:105:0,paint
955,202:105:0,paint
956,206:108:0,paint
957,206:108:0,paint
958,206:108:0,paint
959,206:108:0,paint
960,206:108:0,paint
961,208:113:0,paint
962,210:109:0,paint
963,210:109:0,paint
964,210:109:0,paint
965,210:109:0,paint
966,210:109:0,paint
967,211:108:0,paint
968,211:108:0,paint
969,211:108:0,paint
970,211:108:0,paint
971,211:108:0,paint
972,211:112:0,paint
973,210:107:0,paint
974,210:107:0,paint
975,210:107:0,paint
976,210:107:0,paint
977,210:107:0,paint
978,210:107:0,paint
979,209:105:0,paint
980,209:105:0,paint
981,209:105:0,paint
982,209:105:0,paint
983,209:105:0,paint
984,209:105:0,paint
985,209:105:0,paint
986,209:105:0,paint
987,209:105:0,paint
988,209:105:0,paint
989,209:105:0,paint
990,209:105:0,paint
991,209:105:0,paint
992,209:105:0,paint
993,209:105:0,paint
994,209:105:0,paint
995,209:105:0,paint
996,209:105:0,paint
997,209:105:0,paint
998,209:105:0,paint
999,209:105:0,paint
1000,209:105:0,paint
1001,209:105:0,paint
1002,209:105:0,paint
1003,209:105:0,paint
1004,209:105:0,paint
1005,209:105:0,paint
1006,209:105:0,paint
1007,209:105:0,paint
1008,209:105:0,paint
1009,209:105:0,paint
1010,209:105:0,paint
1011,209:105:0,paint
1012,209:105:0,paint
1013,209:105:0,paint
1014,209:105:0,paint
1015,209:105:0,paint
1016,209:105:0,paint
1017,209:105:0,paint
1018,209:105:0,paint
1019,209:105:0,paint
1020,209:105:0,paint
1021,209:105:0,paint
1022,209:105:0,paint
1023,209:105:0,paint
1024,209:105:0,paint
1025,209:105:0,paint
1026,209:105:0,paint
1027,209:105:0,paint
1028,209:105:0,paint
1029,209:105:0,paint
1030,209:105:0,paint
1031,209:105:0,paint
1032,209:105:0,paint
1033,209:105:0,paint
1034,209:105:0,paint
1035,209:105:0,paint
1036,209:105:0,paint
1037,209:105:0,paint
1038,209:105:0,paint
1039,209:105:0,paint
1040,209:105:0,paint
1041,209:105:0,paint
1042,209:105:0,paint
1043,209:105:0,paint
1044,209:105:0,paint
1045,209:105:0,paint
1046,209:105:0,paint
1047,209:105:0,paint
1048,209:105:0,paint
1049,209:105:0,paint
1050,209:105:0,paint
1051,209:105:0,paint
1052,209:105:0,paint
1053,209:105:0,paint
1054,209:105:0,paint
1055,209:105:0,paint
1056,209:105:0,paint
1057,209:105:0,paint
1058,209:105:0,paint
1059,209:105:0,paint
1060,209:105:0,paint
1061,209:105:0,paint
1062,209:105:0,paint
1063,209:105:0,paint
1064,209:105:0,paint
1065,209:105:0,paint
1066,209:105:0,paint
1067,209:105:0,paint
1068,209:105:0,paint
1069,209:105:0,paint
1070,209:105:0,paint
1071,209:105:0,paint
1072,209:105:0,paint
1073,209:105:0,paint
1074,209:105:0,paint
1075,209:105:0,paint
1076,209:105:0,paint
1077,209:105:0,paint
1078,209:105:0,paint
1079,209:105:0,paint
1080,209:105:0,paint
1081,209:105:0,paint
1082,209:105:0,paint
1083,209:105:0,paint
1084,209:105:0,paint
1085,209:105:0,paint
1086,209:105:0,paint
1087,209:105:0,paint
1088,209:105:0,paint
1089,209:105:0,paint
1090,209:105:0,paint
1091,209:105:0,paint
1092,209:105:0,paint
1093,209:105:0,paint
1094,209:105:0,paint
1095,209:105:0,paint
1096,209:105:0,paint
1097,209:105:0,paint
1098,209:105:0,paint
1099,209:105:0,paint
1100,209:105:0,paint
1101,209:105:0,paint
1102,209:105:0,paint
1103,209:105:0,paint
1104,209:105:0,paint
1105,209:105:0,paint
1106,209:105:0,paint
1107,209:105:0,paint
1108,209:105:0,paint
1109,209:105:0,paint
1110,209:105:0,paint
1111,209:105:0,paint
1112,209:105:0,paint
1113,209:105:0,paint
1114,209:105:0,paint
1115,209:105:0,paint
1116,209:105:0,paint
1117,209:105:0,paint
1118,209:105:0,paint
1119,209:105:0,paint
1120,209:105:0,paint
1121,209:105:0,paint
1122,209:105:0,paint
1123,209:105:0,paint
1124,209:105:0,paint
1125,209:105:0,paint
1126,209:105:0,paint
1127,209:105:0,paint
1128,209:105:0,paint
1129,209:105:0,paint
1130,32:0:0,paint
1131,32:0:0,paint
1132,32:0:0,paint
1133,32:0:0,paint
1134,32:0:0,paint
1135,32:0:0,paint
1136,68:0:0,paint
1137,68:0:0,paint
1138,68:0:0,paint
1139,68:0:0,paint
1140,68:0:0,paint
1141,68:0:0,paint
1142,108:0:0,paint
1143,108:0:0,paint
1144,108:0:0,paint
1145,108:0:0,paint
1146,108:0:0,paint
1147,108:0:0,paint
1148,115:0:0,paint
1149,152:0:0,paint
1150,152:0:0,paint
1151,152:0:0,paint
1152,152:0:0,paint
1153,152:0:0,paint
1154,197:0:0,paint
1155,197:0:0,paint
1156,197:0:0,paint
1157,197:0:0,paint
1158,197:0:0,paint
1159,197:0:0,paint
1160,196:0:0,paint
1161,223:0:0,paint
1162,223:0:0,paint
1163,223:0:0,paint
1164,223:0:0,paint
1165,223:0:0,paint
1166,237:0:0,paint
1167,237:0:0,paint
1168,237:0:0,paint
1169,237:0:0,paint
1170,237:0:0,paint
1171,237:0:0,paint
1172,248:0:0,paint
1173,248:0:0,paint
1174,248:0:0,paint
1175,248:0:0,paint
1176,248:0:0,paint
1177,248:0:0,paint
1178,237:0:0,paint
1179,256:0:0,paint
1180,256:0:0,paint
1181,256:0:0,paint
1182,256:0:0,paint
1183,256:0:0,paint
1184,256:0:0,paint
1185,256:0:0,paint
1186,256:0:0,paint
1187,256:0:0,paint
1188,256:0:0,paint
1189,256:0:0,paint
1190,256:0:0,paint
1191,256:0:0,paint
1192,256:0:0,paint
1193,256:0:0,paint
1194,256:0:0,paint
1195,256:0:0,paint
1196,256:0:0,paint
1197,256:0:0,paint
1198,256:0:0,paint
1199,256:0:0,paint
1200,256:0:0,paint
1201,256:0:0,paint
1202,256:0:0,paint
1203,256:0:0,paint
1204,256:0:0,paint
1205,256:0:0,paint
1206,256:0:0,paint
1207,256:0:0,paint
1208,256:0:0,paint
1209,256:0:0,paint
1210,256:0:0,paint
1211,256:0:0,paint
1212,256:0:0,paint
1213,256:0:0,paint
1214,256:0:0,paint
1215,256:0:0,paint
1216,256:0:0,paint
1217,256:0:0,paint
1218,256:0:0,paint
1219,256:0:0,paint
1220,256:0:0,paint
1221,256:0:0,paint
1222,256:0:0,paint
1223,256:0:0,paint
1224,256:0:0,paint
1225,256:0:0,paint
1226,256:0:0,paint
1227,256:0:0,paint
1228,256:0:0,paint
1229,256:0:0,paint
1230,256:0:0,paint
1231,256:0:0,paint
1232,256:0:0,paint
1233,256:0:0,paint
1234,718:219,paitning
1235,256:0:0,paint
1236,693:267,paitning
1237,256:0:0,paint
1238,685:302,paitning
1239,256:0:0,paint
1240,682:330,paitning
1241,256:0:0,paint
1242,682:357,paitning
1243,256:0:0,paint
1244,714:410,paitning
1245,256:0:0,paint
1246,737:419,paitning
1247,256:0:0,paint
1248,760:424,paitning
1249,256:0:0,paint
1250,800:433,paitning
1251,256:0:0,paint
1252,816:452,paitning
1253,256:0:0,paint
1254,816:470,paitning
1255,256:0:0,paint
1256,784:518,paitning
1257,256:0:0,paint
1258,759:536,paitning
1259,256:0:0,paint
1260,732:547,paitning
1261,256:0:0,paint
1262,675:540,paitning
1263,256:0:0,paint
1264,649:525,paitning
1265,256:0:0,paint
1266,606:492,paitning
1267,256:0:0,paint
1268,584:472,paitning
1269,256:0:0,paint
1270,556:419,paitning
1271,256:0:0,paint
1272,551:389,paitning
1273,256:0:0,paint
1274,552:330,paitning
1275,256:0:0,paint
1276,554:311,paitning
1277,256:0:0,paint
1278,555:295,paitning
1279,256:0:0,paint
1280,555:293,paitning
1281,256:0:0,paint
1282,566:289,paitning
1283,256:0:0,paint
1284,576:289,paitning
1285,256:0:0,paint
1286,585:297,paitning
1287,256:0:0,paint
1288,588:341,paitning
1289,256:0:0,paint
1290,572:386,paitning
1291,256:0:0,paint
1292,559:399,paitning
1293,256:0:0,paint
1294,512:412,paitning
1295,256:0:0,paint
1296,500:413,paitning
1297,256:0:0,paint
1298,474:415,paitning
1299,256:0:0,paint
1300,416:415,paitning
1301,256:0:0,paint
1302,391:405,paitning
1303,256:0:0,paint
1304,373:393,paitning
1305,256:0:0,paint
1306,348:362,paitning
1307,256:0:0,paint
1308,342:344,paitning
1309,256:0:0,paint
1310,344:302,paitning
1311,256:0:0,paint
1312,361:272,paitning
1313,256:0:0,paint
1314,386:244,paitning
1315,256:0:0,paint
1316,436:208,paitning
1317,256:0:0,paint
1318,456:203,paitning
1319,256:0:0,paint
1320,474:202,paitning
1321,256:0:0,paint
1322,505:214,paitning
1323,256:0:0,paint
1324,519:230,paitning
1325,256:0:0,paint
1326,256:0:0,paint
1327,256:0:0,paint
1328,256:0:0,paint
1329,256:0:0,paint
1330,256:0:0,paint
1331,256:0:0,paint
1332,256:0:0,paint
1333,256:0:0,paint
1334,256:0:0,paint
1335,256:0:0,paint
1336,256:0:0,paint
1337,256:0:0,paint
1338,256:0:0,paint
1339,256:0:0,paint
1340,256:0:0,paint
1341,256:0:0,paint
1342,256:0:0,paint
1343,256:0:0,paint
1344,256:0:0,paint
1345,256:0:0,paint
1346,256:0:0,paint
1347,256:0:0,paint
1348,256:0:0,paint
1349,256:0:0,paint
1350,256:0:0,paint
1351,256:0:0,paint
1352,256:0:0,paint
1353,256:0:0,paint
1354,256:0:0,paint
1355,256:0:0,paint
1356,256:0:0,paint
1357,256:0:0,paint
1358,256:0:0,paint
1359,256:0:0,paint
1360,256:0:0,paint
1361,256:0:0,paint
1362,256:0:0,paint
1363,256:0:0,paint
1364,256:0:0,paint
1365,256:0:0,paint
1366,256:0:0,paint
1367,256:0:0,paint
1368,256:0:0,paint
1369,256:0:0,paint
1370,256:0:0,paint
1371,256:0:0,paint
1372,256:0:0,paint
1373,256:0:0,paint
1374,256:0:0,paint
1375,256:0:0,paint
1376,256:0:0,paint
1377,256:0:0,paint
1378,256:0:0,paint
1379,256:0:0,paint
1380,256:0:0,paint
1381,256:0:0,paint
1382,256:0:0,paint
1383,256:0:0,paint
1384,256:0:0,paint
1385,256:0:0,paint
1386,256:0:0,paint
1387,256:0:0,paint
1388,256:0:0,paint
1389,256:0:0,paint
1390,256:0:0,paint
1391,256:0:0,paint
1392,256:0:0,paint
1393,256:0:0,paint
1394,256:0:0,paint
1395,256:0:0,paint
1396,256:0:0,paint
1397,256:0:0,paint
1398,256:0:0,paint
1399,256:0:0,paint
1400,256:0:0,paint
1401,256:0:0,paint
1402,256:0:0,paint
1403,256:0:0,paint
1404,256:0:0,paint
1405,256:0:0,paint
1406,256:0:0,paint
1407,256:0:0,paint
1408,256:0:0,paint
1409,256:0:0,paint
1410,256:0:0,paint
1411,256:0:0,paint
1412,256:0:0,paint
1413,256:0:0,paint
1414,256:0:0,paint
1415,256:0:0,paint
1416,256:0:0,paint
1417,256:0:0,paint
1418,256:0:0,paint
1419,256:0:0,paint
1420,256:0:0,paint
1421,256:0:0,paint
1422,256:0:0,paint
1423,256:0:0,paint
1424,256:0:0,paint
1425,256:0:0,paint
1426,256:0:0,paint
1427,256:0:0,paint
1428,256:0:0,paint
1429,256:0:0,paint
1430,256:0:0,paint
1431,256:0:0,paint
1432,256:0:0,paint
1433,256:0:0,paint
1434,256:0:0,paint
1435,256:0:0,paint
1436,256:0:0,paint
1437,256:0:0,paint
1438,256:0:0,paint
1439,256:0:0,paint
1440,256:0:0,paint
1441,256:0:0,paint
1442,256:0:0,paint
1443,256:0:0,paint
1444,256:0:0,paint
1445,256:0:0,paint
1446,256:0:0,paint
1447,256:0:0,paint
1448,256:0:0,paint
1449,256:0:0,paint
1450,256:0:0,paint
1451,256:0:0,paint
1452,256:0:0,paint
1453,256:0:0,paint
1454,256:0:0,paint
1455,256:0:0,paint
1456,256:0:0,paint
1457,256:0:0,paint
1458,256:0:0,paint
1459,256:0:0,paint
1460,256:0:0,paint
1461,256:0:0,paint
1462,256:0:0,paint
1463,256:0:0,paint
1464,256:0:0,paint
1465,256:0:0,paint
1466,256:0:0,paint
1467,256:0:0,paint
1468,256:0:0,paint
1469,256:0:0,paint
1470,256:0:0,paint
1471,256:0:0,paint
1472,256:0:0,paint
1473,256:0:0,paint
1474,256:0:0,paint
1475,256:0:0,paint
1476,256:0:0,paint
1477,256:0:0,paint
1478,256:0:0,paint
1479,256:0:0,paint
1480,256:0:0,paint
1481,256:0:0,paint
1482,256:0:0,paint
1483,256:0:0,paint
1484,256:0:0,paint
1485,256:0:0,paint
1486,256:0:0,paint
1487,256:0:0,paint
1488,256:0:0,paint
1489,256:0:0,paint
1490,256:0:0,paint
1491,256:0:0,paint
1492,256:0:0,paint
1493,256:0:0,paint
1494,256:0:0,paint
1495,256:0:0,paint
1496,256:0:0,paint
1497,256:0:0,paint
1498,256:0:0,paint
1499,256:0:0,paint
1500,256:0:0,paint
1501,256:0:0,paint
1502,256:0:0,paint
1503,256:0:0,paint
1504,256:0:0,paint
1505,256:0:0,paint
1506,256:0:0,paint
1507,256:0:0,paint
1508,256:0:0,paint
1509,256:0:0,paint
1510,256:0:0,paint
1511,256:0:0,paint
1512,256:0:0,paint
1513,256:0:0,paint
1514,256:0:0,paint
1515,256:0:0,paint
1516,256:0:0,paint
1517,256:0:0,paint
1518,256:0:0,paint
1519,256:0:0,paint
1520,256:0:0,paint
1521,256:0:0,paint
1522,256:0:0,paint
1523,256:0:0,paint
1524,256:0:0,paint
1525,256:0:0,paint
1526,256:0:0,paint
1527,256:0:0,paint
1528,256:0:0,paint
1529,256:0:0,paint
1530,256:0:0,paint
1531,256:0:0,paint
1532,256:0:0,paint
1533,256:0:0,paint
1534,256:0:0,paint
1535,256:0:0,paint
1536,256:0:0,paint
1537,256:0:0,paint
1538,256:0:0,paint
1539,256:0:0,paint
1540,256:0:0,paint
1541,256:0:0,paint
1542,256:0:0,paint
1543,256:0:0,paint
1544,256:0:0,paint
1545,256:0:0,paint
1546,256:0:0,paint
1547,256:0:0,paint
1548,256:0:0,paint
1549,256:0:0,paint
1550,256:0:0,paint
1551,256:0:0,paint
1552,256:0:0,paint
1553,256:0:0,paint
1554,256:0:0,paint
1555,256:0:0,paint
1556,256:0:0,paint
1557,256:0:0,paint
1558,256:0:0,paint
1559,256:0:0,paint
1560,256:0:0,paint
1561,256:0:0,paint
1562,256:0:0,paint
1563,256:0:0,paint
1564,256:0:0,paint
1565,256:0:0,paint
1566,256:0:0,paint
1567,256:0:0,paint
1568,256:0:0,paint
1569,256:0:0,paint
1570,256:0:0,paint
1571,256:0:0,paint
1572,256:0:0,paint
1573,256:0:0,paint
1574,256:0:0,paint
1575,256:0:0,paint
1576,256:0:0,paint
1577,256:0:0,paint
1578,256:0:0,paint
1579,256:0:0,paint
1580,256:0:0,paint
1581,256:0:0,paint
1582,256:0:0,paint
1583,256:0:0,paint
1584,256:0:0,paint
1585,256:0:0,paint
1586,256:0:0,paint
1587,256:0:0,paint
1588,256:0:0,paint
1589,256:0:0,paint
1590,9:5:0,paint
1591,24:18:0,paint
1592,24:18:0,paint
1593,24:18:0,paint
1594,24:18:0,paint
1595,24:18:0,paint
1596,24:18:0,paint
1597,64:56:0,paint
1598,64:56:0,paint
1599,64:56:0,paint
1600,64:56:0,paint
1601,64:56:0,paint
1602,64:56:0,paint
1603,106:97:0,paint
1604,106:97:0,paint
1605,106:97:0,paint
1606,106:97:0,paint
1607,106:97:0,paint
1608,106:97:0,paint
1609,150:141:0,paint
1610,150:141:0,paint
1611,150:141:0,paint
1612,150:141:0,paint
1613,150:141:0,paint
1614,150:141:0,paint
1615,193:184:0,paint
1616,193:184:0,paint
1617,193:184:0,paint
1618,193:184:0,paint
1619,193:184:0,paint
1620,193:184:0,paint
1621,209:200:0,paint
1622,209:200:0,paint
1623,209:200:0,paint
1624,209:200:0,paint
1625,209:200:0,paint
1626,209:200:0,paint
1627,214:204:0,paint
1628,214:204:0,paint
1629,214:204:0,paint
1630,214:204:0,paint
1631,214:204:0,paint
1632,214:204:0,paint
1633,214:204:0,paint
1634,214:204:0,paint
1635,214:204:0,paint
1636,214:204:0,paint
1637,214:204:0,paint
1638,214:204:0,paint
1639,214:204:0,paint
1640,214:204:0,paint
1641,214:204:0,paint
1642,214:204:0,paint
1643,214:204:0,paint
1644,214:204:0,paint
1645,214:204:0,paint
1646,214:204:0,paint
1647,214:204:0,paint
1648,214:204:0,paint
1649,214:204:0,paint
1650,214:204:0,paint
1651,214:204:0,paint
1652,214:204:0,paint
1653,214:204:0,paint
1654,214:204:0,paint
1655,214:204:0,paint
1656,214:204:0,paint
1657,214:204:0,paint
1658,214:204:0,paint
1659,214:204:0,paint
1660,214:204:0,paint
1661,214:204:0,paint
1662,214:204:0,paint
1663,214:204:0,paint
1664,214:204:0,paint
1665,214:204:0,paint
1666,214:204:0,paint
1667,214:204:0,paint
1668,214:204:0,paint
1669,214:204:0,paint
1670,214:204:0,paint
1671,214:204:0,paint
1672,214:204:0,paint
1673,214:204:0,paint
1674,214:204:0,paint
1675,214:204:0,paint
1676,214:204:0,paint
1677,214:204:0,paint
1678,214:204:0,paint
1679,214:204:0,paint
1680,214:204:0,paint
1681,214:204:0,paint
1682,214:204:0,paint
1683,214:204:0,paint
1684,214:204:0,paint
1685,214:204:0,paint
1686,214:204:0,paint
1687,214:204:0,paint
1688,214:204:0,paint
1689,214:204:0,paint
1690,214:204:0,paint
1691,214:204:0,paint
1692,214:204:0,paint
1693,214:204:0,paint
1694,214:204:0,paint
1695,214:204:0,paint
1696,214:204:0,paint
1697,214:204:0,paint
1698,214:204:0,paint
1699,214:204:0,paint
1700,214:204:0,paint
1701,214:204:0,paint
1702,214:204:0,paint
1703,214:204:0,paint
1704,214:204:0,paint
1705,214:204:0,paint
1706,214:204:0,paint
1707,214:204:0,paint
1708,214:204:0,paint
1709,214:204:0,paint
1710,214:204:0,paint
1711,214:204:0,paint
1712,214:204:0,paint
1713,214:204:0,paint
1714,214:204:0,paint
1715,214:204:0,paint
1716,214:204:0,paint
1717,214:204:0,paint
1718,214:204:0,paint
1719,214:204:0,paint
1720,214:204:0,paint
1721,214:204:0,paint
1722,214:204:0,paint
1723,214:204:0,paint
1724,214:204:0,paint
1725,214:204:0,paint
1726,214:204:0,paint
1727,214:204:0,paint
1728,214:204:0,paint
1729,214:204:0,paint
1730,214:204:0,paint
1731,214:204:0,paint
1732,214:204:0,paint
1733,214:204:0,paint
1734,214:204:0,paint
1735,214:204:0,paint
1736,214:204:0,paint
1737,214:204:0,paint
1738,214:204:0,paint
1739,214:204:0,paint
1740,214:204:0,paint
1741,214:204:0,paint
1742,214:204:0,paint
1743,214:204:0,paint
1744,214:204:0,paint
1745,214:204:0,paint
1746,214:204:0,paint
1747,214:204:0,paint
1748,214:204:0,paint
1749,214:204:0,paint
1750,214:204:0,paint
1751,214:204:0,paint
1752,214:204:0,paint
1753,214:204:0,paint
1754,214:204:0,paint
1755,214:204:0,paint
1756,214:204:0,paint
1757,214:204:0,paint
1758,214:204:0,paint
1759,214:204:0,paint
1760,214:204:0,paint
1761,214:204:0,paint
1762,214:204:0,paint
1763,214:204:0,paint
1764,214:204:0,paint
1765,214:204:0,paint
1766,214:204:0,paint
1767,214:204:0,paint
1768,214:204:0,paint
1769,214:204:0,paint
1770,214:204:0,paint
1771,214:204:0,paint
1772,214:204:0,paint
1773,214:204:0,paint
1774,214:204:0,paint
1775,214:204:0,paint
1776,214:204:0,paint
1777,214:204:0,paint
1778,214:204:0,paint
1779,214:204:0,paint
1780,214:204:0,paint
1781,214:204:0,paint
1782,214:204:0,paint
1783,214:204:0,paint
1784,214:204:0,paint
1785,214:204:0,paint
1786,214:204:0,paint
1787,214:204:0,paint
1788,214:204:0,paint
1789,214:204:0,paint
1790,214:204:0,paint
1791,214:204:0,paint
1792,214:204:0,paint
1793,214:204:0,paint
1794,214:204:0,paint
1795,214:204:0,paint
1796,214:204:0,paint
1797,214:204:0,paint
1798,214:204:0,paint
1799,214:204:0,paint
1800,214:204:0,paint
1801,214:204:0,paint
1802,214:204:0,paint
1803,214:204:0,paint
1804,214:204:0,paint
1805,214:204:0,paint
1806,214:204:0,paint
1807,214:204:0,paint
1808,214:204:0,paint
1809,214:204:0,paint
1810,214:204:0,paint
1811,214:204:0,paint
1812,214:204:0,paint
1813,214:204:0,paint
1814,214:204:0,paint
1815,214:204:0,paint
1816,214:204:0,paint
1817,214:204:0,paint
1818,214:204:0,paint
1819,214:204:0,paint
1820,214:204:0,paint
1821,214:204:0,paint
1822,214:204:0,paint
1823,214:204:0,paint
1824,214:204:0,paint
1825,214:204:0,paint
1826,214:204:0,paint
1827,214:204:0,paint
1828,214:204:0,paint
1829,214:204:0,paint
1830,214:204:0,paint
1831,214:204:0,paint
1832,214:204:0,paint
1833,214:204:0,paint
1834,214:204:0,paint
1835,214:204:0,paint
1836,214:204:0,paint
1837,214:204:0,paint
1838,170:136,paitning
1839,214:204:0,paint
1840,167:141,paitning
1841,214:204:0,paint
1842,167:151,paitning
1843,214:204:0,paint
1844,168:155,paitning
1845,214:204:0,paint
1846,171:165,paitning
1847,214:204:0,paint
1848,172:170,paitning
1849,214:204:0,paint
1850,176:177,paitning
1851,214:204:0,paint
1852,177:180,paitning
1853,214:204:0,paint
1854,179:183,paitning
1855,214:204:0,paint
1856,180:184,paitning
1857,214:204:0,paint
1858,181:187,paitning
1859,214:204:0,paint
1860,182:189,paitning
1861,214:204:0,paint
1862,183:193,paitning
1863,214:204:0,paint
1864,183:195,paitning
1865,214:204:0,paint
1866,185:198,paitning
1867,214:204:0,paint
1868,185:199,paitning
1869,214:204:0,paint
1870,186:200,paitning
1871,214:204:0,paint
1872,188:203,paitning
1873,214:204:0,paint
1874,188:204,paitning
1875,214:204:0,paint
1876,190:207,paitning
1877,214:204:0,paint
1878,191:209,paitning
1879,214:204:0,paint
1880,192:211,paitning
1881,214:204:0,paint
1882,194:215,paitning
1883,214:204:0,paint
1884,195:217,paitning
1885,214:204:0,paint
1886,197:219,paitning
1887,214:204:0,paint
1888,198:221,paitning
1889,214:204:0,paint
1890,201:223,paitning
1891,214:204:0,paint
1892,203:224,paitning
1893,214:204:0,paint
1894,208:226,paitning
1895,214:204:0,paint
1896,210:226,paitning
1897,214:204:0,paint
1898,212:227,paitning
1899,214:204:0,paint
1900,214:228,paitning
1901,214:204:0,paint
1902,218:228,paitning
1903,214:204:0,paint
1904,219:228,paitning
1905,214:204:0,paint
1906,222:228,paitning
1907,214:204:0,paint
1908,224:228,paitning
1909,214:204:0,paint
1910,226:228,paitning
1911,214:204:0,paint
1912,228:228,paitning
1913,214:204:0,paint
1914,228:228,paitning
1915,214:204:0,paint
1916,229:228,paitning
1917,214:204:0,paint
1918,231:228,paitning
1919,214:204:0,paint
1920,233:228,paitning
1921,214:204:0,paint
1922,235:226,paitning
1923,214:204:0,paint
1924,236:224,paitning
1925,214:204:0,paint
1926,237:223,paitning
1927,214:204:0,paint
1928,240:221,paitning
1929,214:204:0,paint
1930,241:220,paitning
1931,214:204:0,paint
1932,242:219,paitning
1933,214:204:0,paint
1934,242:217,paitning
1935,214:204:0,paint
1936,242:216,paitning
1937,214:204:0,paint
1938,242:214,paitning
1939,214:204:0,paint
1940,242:212,paitning
1941,214:204:0,paint
1942,242:211,paitning
1943,214:204:0,paint
1944,242:209,paitning
1945,214:204:0,paint
1946,242:209,paitning
1947,214:204:0,paint
1948,242:208,paitning
1949,214:204:0,paint
1950,242:206,paitning
1951,214:204:0,paint
1952,242:205,paitning
1953,214:204:0,paint
1954,242:203,paitning
1955,214:204:0,paint
1956,242:203,paitning
1957,214:204:0,paint
1958,243:202,paitning
1959,214:204:0,paint
1960,244:200,paitning
1961,214:204:0,paint
1962,244:200,paitning
1963,214:204:0,paint
1964,244:198,paitning
1965,214:204:0,paint
1966,244:196,paitning
1967,214:204:0,paint
1968,244:194,paitning
1969,214:204:0,paint
1970,245:189,paitning
1971,214:204:0,paint
1972,246:183,paitning
1973,214:204:0,paint
1974,246:182,paitning
1975,214:204:0,paint
1976,246:180,paitning
1977,214:204:0,paint
1978,246:177,paitning
1979,214:204:0,paint
1980,247:167,paitning
1981,214:204:0,paint
1982,248:162,paitning
1983,214:204:0,paint
1984,249:154,paitning
1985,214:204:0,paint
1986,249:150,paitning
1987,214:204:0,paint
1988,249:145,paitning
1989,214:204:0,paint
1990,249:142,paitning
1991,214:204:0,paint
1992,249:140,paitning
1993,214:204:0,paint
1994,249:135,paitning
1995,214:204:0,paint
1996,249:133,paitning
1997,214:204:0,paint
1998,249:131,paitning
1999,214:204:0,paint
2000,249:128,paitning
2001,214:204:0,paint
2002,248:123,paitning
2003,214:204:0,paint
2004,246:116,paitning
2005,214:204:0,paint
2006,245:112,paitning
2007,214:204:0,paint
2008,242:109,paitning
2009,214:204:0,paint
2010,240:105,paitning
2011,214:204:0,paint
2012,234:96,paitning
2013,214:204:0,paint
2014,228:89,paitning
2015,214:204:0,paint
2016,224:87,paitning
2017,214:204:0,paint
2018,222:87,paitning
2019,214:204:0,paint
2020,213:87,paitning
2021,214:204:0,paint
2022,208:87,paitning
2023,214:204:0,paint
2024,199:89,paitning
2025,214:204:0,paint
2026,197:92,paitning
2027,214:204:0,paint
2028,195:95,paitning
2029,214:204:0,paint
2030,194:106,paitning
2031,214:204:0,paint
2032,194:111,paitning
2033,214:204:0,paint
2034,194:116,paitning
2035,214:204:0,paint
2036,194:124,paitning
2037,214:204:0,paint
2038,196:127,paitning
2039,214:204:0,paint
2040,199:137,paitning
2041,214:204:0,paint
2042,199:142,paitning
2043,214:204:0,paint
2044,200:146,paitning
2045,214:204:0,paint
2046,200:151,paitning
2047,214:204:0,paint
2048,200:153,paitning
2049,214:204:0,paint
2050,201:159,paitning
2051,214:204:0,paint
2052,201:162,paitning
2053,214:204:0,paint
2054,201:164,paitning
2055,214:204:0,paint
2056,201:166,paitning
2057,214:204:0,paint
2058,201:167,paitning
2059,214:204:0,paint
2060,199:167,paitning
2061,214:204:0,paint
2062,198:167,paitning
2063,214:204:0,paint
2064,196:167,paitning
2065,214:204:0,paint
2066,195:166,paitning
2067,214:204:0,paint
2068,194:160,paitning
2069,214:204:0,paint
2070,193:156,paitning
2071,214:204:0,paint
2072,191:153,paitning
2073,214:204:0,paint
2074,185:146,paitning
2075,214:204:0,paint
2076,181:141,paitning
2077,214:204:0,paint
2078,172:132,paitning
2079,214:204:0,paint
2080,168:127,paitning
2081,214:204:0,paint
2082,164:122,paitning
2083,214:204:0,paint
2084,158:114,paitning
2085,214:204:0,paint
2086,156:112,paitning
2087,214:204:0,paint
2088,154:112,paitning
2089,214:204:0,paint
2090,153:111,paitning
2091,214:204:0,paint
2092,151:111,paitning
2093,214:204:0,paint
2094,148:112,paitning
2095,214:204:0,paint
2096,140:116,paitning
2097,214:204:0,paint
2098,122:128,paitning
2099,214:204:0,paint
2100,115:133,paitning
2101,214:204:0,paint
2102,111:137,paitning
2103,214:204:0,paint
2104,109:139,paitning
2105,214:204:0,paint
2106,109:140,paitning
2107,214:204:0,paint
2108,109:141,paitning
2109,214:204:0,paint
2110,111:144,paitning
2111,214:204:0,paint
2112,113:146,paitning
2113,214:204:0,paint
2114,116:149,paitning
2115,214:204:0,paint
2116,121:155,paitning
2117,214:204:0,paint
2118,123:159,paitning
2119,214:204:0,paint
2120,126:164,paitning
2121,214:204:0,paint
2122,127:166,paitning
2123,214:204:0,paint
2124,127:168,paitning
2125,214:204:0,paint
2126,129:171,paitning
2127,214:204:0,paint
2128,133:177,paitning
2129,214:204:0,paint
2130,135:180,paitning
2131,214:204:0,paint
2132,136:182,paitning
2133,214:204:0,paint
2134,139:184,paitning
2135,214:204:0,paint
2136,140:185,paitning
2137,214:204:0,paint
2138,141:187,paitning
2139,214:204:0,paint
2140,143:189,paitning
2141,214:204:0,paint
2142,144:191,paitning
2143,214:204:0,paint
2144,145:193,paitning
2145,214:204:0,paint
2146,147:196,paitning
2147,214:204:0,paint
2148,148:197,paitning
2149,214:204:0,paint
2150,152:201,paitning
2151,214:204:0,paint
2152,153:203,paitning
2153,214:204:0,paint
2154,154:205,paitning
2155,214:204:0,paint
2156,158:208,paitning
2157,214:204:0,paint
2158,161:211,paitning
2159,214:204:0,paint
2160,163:213,paitning
2161,214:204:0,paint
2162,163:213,paitning
2163,214:204:0,paint
2164,163:214,paitning
2165,214:204:0,paint
2166,214:204:0,paint
2167,214:204:0,paint
2168,214:204:0,paint
2169,214:204:0,paint
2170,214:204:0,paint
2171,214:204:0,paint
2172,214:204:0,paint
2173,214:204:0,paint
2174,214:204:0,paint
2175,214:204:0,paint
2176,214:204:0,paint
2177,214:204:0,paint
2178,214:204:0,paint
2179,214:204:0,paint
2180,214:204:0,paint
2181,214:204:0,paint
2182,214:204:0,paint
2183,214:204:0,paint
2184,214:204:0,paint
2185,214:204:0,paint
2186,214:204:0,paint
2187,214:204:0,paint
2188,214:204:0,paint
2189,214:204:0,paint
2190,214:204:0,paint
2191,214:204:0,paint
2192,214:204:0,paint
2193,214:204:0,paint
2194,214:204:0,paint
2195,214:204:0,paint
2196,214:204:0,paint
2197,214:204:0,paint
2198,214:204:0,paint
2199,214:204:0,paint
2200,214:204:0,paint
2201,214:204:0,paint
2202,214:204:0,paint
2203,214:204:0,paint
2204,214:204:0,paint
2205,214:204:0,paint
2206,214:204:0,paint
2207,214:204:0,paint
2208,214:204:0,paint
2209,214:204:0,paint
2210,214:204:0,paint
2211,214:204:0,paint
2212,214:204:0,paint
2213,214:204:0,paint
2214,214:204:0,paint
2215,214:204:0,paint
2216,214:204:0,paint
2217,214:204:0,paint
2218,214:204:0,paint
2219,214:204:0,paint
2220,214:204:0,paint
2221,214:204:0,paint
2222,214:204:0,paint
2223,214:204:0,paint
2224,214:204:0,paint
2225,214:204:0,paint
2226,214:204:0,paint
2227,214:204:0,paint
2228,214:204:0,paint
2229,214:204:0,paint
2230,214:204:0,paint
2231,214:204:0,paint
2232,214:204:0,paint
2233,214:204:0,paint
2234,214:204:0,paint
2235,214:204:0,paint
2236,214:204:0,paint
2237,214:204:0,paint
2238,214:204:0,paint
2239,214:204:0,paint
2240,0:71,nib
2241,0:71,nib
2242,0:71,nib
2243,0:71,nib
2244,0:71,nib
2245,0:71,nib
2246,0:71,nib
2247,0:71,nib
2248,0:71,nib
2249,0:71,nib
2250,0:71,nib
2251,0:71,nib
2252,0:71,nib
2253,0:71,nib
2254,0:71,nib
2255,0:71,nib
2256,0:71,nib
2257,0:71,nib
2258,0:71,nib
2259,0:71,nib
2260,0:71,nib
2261,0:71,nib
2262,0:71,nib
2263,0:71,nib
2264,0:71,nib
2265,0:71,nib
2266,0:71,nib
2267,0:71,nib
2268,0:71,nib
2269,0:71,nib
2270,0:71,nib
2271,0:71,nib
2272,0:71,nib
2273,0:71,nib
2274,0:71,nib
2275,0:71,nib
2276,0:71,nib
2277,0:71,nib
2278,0:71,nib
2279,0:71,nib
2280,0:71,nib
2281,0:71,nib
2282,0:71,nib
2283,0:71,nib
2284,0:71,nib
2285,0:71,nib
2286,0:71,nib
2287,0:71,nib
2288,0:71,nib
2289,0:71,nib
2290,0:71,nib
2291,0:71,nib
2292,0:71,nib
2293,0:71,nib
2294,0:71,nib
2295,0:71,nib
2296,0:71,nib
2297,0:71,nib
2298,0:71,nib
2299,0:71,nib
2300,0:71,nib
2301,0:71,nib
2302,0:71,nib
2303,0:71,nib
2304,0:71,nib
2305,0:71,nib
2306,0:71,nib
2307,0:71,nib
2308,0:71,nib
2309,0:71,nib
2310,0:71,nib
2311,0:71,nib
2312,0:71,nib
2313,0:71,nib
2314,0:71,nib
2315,0:71,nib
2316,0:71,nib
2317,0:71,nib
2318,0:71,nib
2319,0:71,nib
2320,0:71,nib
2321,0:71,nib
2322,0:71,nib
2323,0:71,nib
2324,0:71,nib
2325,0:71,nib
2326,0:71,nib
2327,0:71,nib
2328,0:71,nib
2329,0:71,nib
2330,0:71,nib
2331,0:71,nib
2332,0:71,nib
2333,0:71,nib
2334,0:71,nib
2335,0:71,nib
2336,0:71,nib
2337,0:71,nib
2338,0:71,nib
2339,0:71,nib
2340,0:71,nib
2341,0:71,nib
2342,0:71,nib
2343,0:71,nib
2344,0:71,nib
2345,0:71,nib
2346,0:71,nib
2347,0:71,nib
2348,0:71,nib
2349,0:71,nib
2350,0:71,nib
2351,0:71,nib
2352,0:71,nib
2353,0:71,nib
2354,0:71,nib
2355,0:71,nib
2356,0:71,nib
2357,0:71,nib
2358,0:71,nib
2359,0:71,nib
2360,0:71,nib
2361,0:71,nib
2362,0:71,nib
2363,0:71,nib
2364,0:71,nib
2365,0:71,nib
2366,0:71,nib
2367,0:71,nib
2368,0:71,nib
2369,0:71,nib
2370,0:71,nib
2371,0:71,nib
2372,0:71,nib
2373,0:71,nib
2374,0:71,nib
2375,0:71,nib
2376,0:71,nib
2377,0:71,nib
2378,0:71,nib
2379,0:71,nib
2380,0:71,nib
2381,0:71,nib
2382,0:71,nib
2383,0:71,nib
2384,0:71,nib
2385,0:71,nib
2386,0:71,nib
2387,0:71,nib
2388,0:71,nib
2389,0:71,nib
2390,0:71,nib
2391,0:71,nib
2392,0:71,nib
2393,0:71,nib
2394,0:71,nib
2395,0:71,nib
2396,0:71,nib
2397,0:71,nib
2398,0:71,nib
2399,0:71,nib
2400,0:71,nib
2401,0:71,nib
2402,0:71,nib
2403,0:71,nib
2404,0:71,nib
2405,0:71,nib
2406,0:71,nib
2407,0:71,nib
2408,0:71,nib
2409,0:71,nib
2410,0:71,nib
2411,0:71,nib
2412,0:71,nib
2413,0:71,nib
2414,0:71,nib
2415,0:71,nib
2416,0:71,nib
2417,0:71,nib
2418,0:71,nib
2419,0:71,nib
2420,0:71,nib
2421,0:71,nib
2422,0:71,nib
2423,0:71,nib
2424,0:71,nib
2425,0:71,nib
2426,0:71,nib
2427,0:71,nib
2428,0:71,nib
2429,0:71,nib
2430,0:71,nib
2431,0:71,nib
2432,0:71,nib
2433,0:71,nib
2434,0:71,nib
2435,0:71,nib
2436,0:71,nib
2437,0:71,nib
2438,0:71,nib
2439,0:71,nib
2440,0:71,nib
2441,0:71,nib
2442,0:71,nib
2443,0:71,nib
2444,0:71,nib
2445,0:71,nib
2446,0:71,nib
2447,0:71,nib
2448,0:71,nib
2449,0:71,nib
2450,0:71,nib
2451,0:71,nib
2452,0:71,nib
2453,0:71,nib
2454,0:71,nib
2455,0:71,nib
2456,0:71,nib
2457,0:71,nib
2458,0:71,nib
2459,0:71,nib
2460,0:71,nib
2461,0:71,nib
2462,0:71,nib
2463,0:71,nib
2464,0:71,nib
2465,0:71,nib
2466,0:71,nib
2467,0:71,nib
2468,0:71,nib
2469,0:71,nib
2470,0:71,nib
2471,0:71,nib
2472,0:71,nib
2473,0:71,nib
2474,0:71,nib
2475,0:71,nib
2476,0:71,nib
2477,0:71,nib
2478,0:71,nib
2479,0:71,nib
2480,0:71,nib
2481,0:71,nib
2482,0:71,nib
2483,0:71,nib
2484,0:71,nib
2485,0:71,nib
2486,0:71,nib
2487,0:71,nib
2488,0:71,nib
2489,0:71,nib
2490,0:71,nib
2491,0:71,nib
2492,0:71,nib
2493,0:71,nib
2494,0:71,nib
2495,0:71,nib
2496,0:71,nib
2497,0:71,nib
2498,0:71,nib
2499,0:71,nib
2500,0:71,nib
2501,0:71,nib
2502,0:71,nib
2503,0:71,nib
2504,0:71,nib
2505,0:71,nib
2506,0:71,nib
2507,0:71,nib
2508,0:71,nib
2509,0:71,nib
2510,0:71,nib
2511,1:70,nib
2512,1:70,nib
2513,1:70,nib
2514,1:70,nib
2515,1:70,nib
2516,1:70,nib
2517,1:69,nib
2518,1:69,nib
2519,1:69,nib
2520,1:69,nib
2521,1:69,nib
2522,1:69,nib
2523,1:69,nib
2524,1:69,nib
2525,1:69,nib
2526,1:69,nib
2527,1:69,nib
2528,1:69,nib
2529,1:69,nib
2530,1:69,nib
2531,1:69,nib
2532,1:69,nib
2533,1:69,nib
2534,1:69,nib
2535,1:69,nib
2536,1:69,nib
2537,1:69,nib
2538,1:69,nib
2539,1:69,nib
2540,1:69,nib
2541,1:69,nib
2542,1:69,nib
2543,1:69,nib
2544,1:69,nib
2545,1:69,nib
2546,1:69,nib
2547,1:69,nib
2548,1:69,nib
2549,1:69,nib
2550,1:69,nib
2551,1:69,nib
2552,1:69,nib
2553,1:69,nib
2554,1:69,nib
2555,1:69,nib
2556,1:69,nib
2557,1:69,nib
2558,1:69,nib
2559,1:69,nib
2560,1:69,nib
2561,1:69,nib
2562,1:69,nib
2563,1:69,nib
2564,0:69,nib
2565,0:69,nib
2566,0:69,nib
2567,0:69,nib
2568,0:69,nib
2569,0:69,nib
2570,0:64,nib
2571,0:64,nib
2572,0:64,nib
2573,0:64,nib
2574,0:64,nib
2575,0:64,nib
2576,0:60,nib
2577,0:60,nib
2578,0:60,nib
2579,0:60,nib
2580,0:60,nib
2581,0:60,nib
2582,0:60,nib
2583,0:60,nib
2584,0:60,nib
2585,0:60,nib
2586,0:60,nib
2587,0:60,nib
2588,0:60,nib
2589,0:60,nib
2590,0:60,nib
2591,0:60,nib
2592,0:60,nib
2593,0:60,nib
2594,0:60,nib
2595,0:60,nib
2596,0:60,nib
2597,0:60,nib
2598,0:60,nib
2599,0:60,nib
2600,0:60,nib
2601,0:60,nib
2602,0:60,nib
2603,0:60,nib
2604,0:60,nib
2605,0:60,nib
2606,0:60,nib
2607,0:60,nib
2608,0:60,nib
2609,0:60,nib
2610,0:60,nib
2611,0:60,nib
2612,0:60,nib
2613,0:60,nib
2614,0:60,nib
2615,0:60,nib
2616,0:60,nib
2617,0:60,nib
2618,0:60,nib
2619,1:68,nib
2620,1:68,nib
2621,1:68,nib
2622,1:68,nib
2623,1:68,nib
2624,1:68,nib
2625,1:59,nib
2626,1:59,nib
2627,1:59,nib
2628,1:59,nib
2629,1:59,nib
2630,1:59,nib
2631,1:50,nib
2632,1:50,nib
2633,1:50,nib
2634,1:50,nib
2635,1:50,nib
2636,1:50,nib
2637,1:41,nib
2638,1:41,nib
2639,1:41,nib
2640,1:41,nib
2641,1:41,nib
2642,1:36,nib
2643,1:32,nib
2644,1:32,nib
2645,1:32,nib
2646,1:32,nib
2647,1:32,nib
2648,1:29,nib
2649,1:28,nib
2650,1:28,nib
2651,1:28,nib
2652,1:28,nib
2653,1:28,nib
2654,1:28,nib
2655,1:28,nib
2656,1:28,nib
2657,1:28,nib
2658,1:28,nib
2659,1:28,nib
2660,1:28,nib
2661,1:28,nib
2662,1:28,nib
2663,1:28,nib
2664,1:28,nib
2665,1:28,nib
2666,1:28,nib
2667,1:28,nib
2668,1:28,nib
2669,1:28,nib
2670,1:28,nib
2671,1:28,nib
2672,1:28,nib
2673,1:28,nib
2674,1:28,nib
2675,1:28,nib
2676,1:28,nib
2677,1:28,nib
2678,1:28,nib
2679,1:28,nib
2680,1:28,nib
2681,1:28,nib
2682,1:28,nib
2683,1:28,nib
2684,1:28,nib
2685,1:28,nib
2686,1:28,nib
2687,1:28,nib
2688,1:28,nib
2689,1:28,nib
2690,1:28,nib
2691,1:28,nib
2692,1:28,nib
2693,1:28,nib
2694,1:28,nib
2695,1:28,nib
2696,1:28,nib
2697,1:28,nib
2698,1:28,nib
2699,1:28,nib
2700,1:28,nib
2701,1:28,nib
2702,2:68,nib
2703,2:64,nib
2704,2:64,nib
2705,2:64,nib
2706,2:64,nib
2707,2:64,nib
2708,2:61,nib
2709,2:56,nib
2710,2:56,nib
2711,2:56,nib
2712,2:56,nib
2713,2:56,nib
2714,2:52,nib
2715,2:47,nib
2716,2:47,nib
2717,2:47,nib
2718,2:47,nib
2719,2:47,nib
2720,2:43,nib
2721,2:38,nib
2722,2:38,nib
2723,2:38,nib
2724,2:38,nib
2725,2:38,nib
2726,2:33,nib
2727,2:30,nib
2728,2:30,nib
2729,2:30,nib
2730,2:30,nib
2731,2:30,nib
2732,2:27,nib
2733,2:26,nib
2734,2:26,nib
2735,2:26,nib
2736,2:26,nib
2737,2:26,nib
2738,2:25,nib
2739,2:25,nib
2740,2:25,nib
2741,2:25,nib
2742,2:25,nib
2743,2:25,nib
2744,2:25,nib
2745,2:25,nib
2746,2:25,nib
2747,2:25,nib
2748,2:25,nib
2749,2:25,nib
2750,2:25,nib
2751,2:25,nib
2752,2:25,nib
2753,2:25,nib
2754,2:25,nib
2755,2:25,nib
2756,2:25,nib
2757,2:25,nib
2758,2:25,nib
2759,2:25,nib
2760,2:25,nib
2761,2:25,nib
2762,2:25,nib
2763,2:25,nib
2764,2:25,nib
2765,2:25,nib
2766,2:25,nib
2767,2:25,nib
2768,2:25,nib
2769,2:25,nib
2770,2:25,nib
2771,2:25,nib
2772,2:25,nib
2773,2:25,nib
2774,2:25,nib
2775,2:25,nib
2776,2:25,nib
2777,2:25,nib
2778,2:25,nib
2779,2:25,nib
2780,2:25,nib
2781,2:25,nib
2782,2:25,nib
2783,2:25,nib
2784,2:25,nib
2785,2:25,nib
2786,2:25,nib
2787,2:25,nib
2788,2:25,nib
2789,0:67,nib
2790,0:67,nib
2791,0:67,nib
2792,0:67,nib
2793,0:67,nib
2794,0:60,nib
2795,0:60,nib
2796,0:60,nib
2797,0:60,nib
2798,0:60,nib
2799,0:60,nib
2800,0:56,nib
2801,0:52,nib
2802,0:52,nib
2803,0:52,nib
2804,0:52,nib
2805,0:52,nib
2806,0:52,nib
2807,0:43,nib
2808,0:43,nib
2809,0:43,nib
2810,0:43,nib
2811,0:43,nib
2812,0:39,nib
2813,0:35,nib
2814,0:35,nib
2815,0:35,nib
2816,0:35,nib
2817,0:35,nib
2818,0:32,nib
2819,0:32,nib
2820,0:32,nib
2821,0:32,nib
2822,0:32,nib
2823,0:32,nib
2824,0:31,nib
2825,0:31,nib
2826,0:31,nib
2827,0:31,nib
2828,0:31,nib
2829,0:31,nib
2830,0:31,nib
2831,0:31,nib
2832,0:31,nib
2833,0:31,nib
2834,0:31,nib
2835,0:31,nib
2836,0:31,nib
2837,0:31,nib
2838,0:31,nib
2839,0:31,nib
2840,0:31,nib
2841,0:31,nib
2842,0:31,nib
2843,0:31,nib
2844,0:31,nib
2845,0:31,nib
2846,0:31,nib
2847,0:31,nib
2848,0:31,nib
2849,0:31,nib
2850,0:31,nib
2851,0:31,nib
2852,0:31,nib
2853,0:31,nib
2854,0:31,nib
2855,0:31,nib
2856,0:31,nib
2857,0:31,nib
2858,0:31,nib
2859,0:31,nib
2860,0:31,nib
2861,0:31,nib
2862,0:31,nib
2863,0:31,nib
2864,0:31,nib
2865,0:31,nib
2866,0:31,nib
2867,0:31,nib
2868,0:31,nib
2869,0:31,nib
2870,0:31,nib
2871,0:31,nib
2872,0:31,nib
2873,0:31,nib
2874,0:31,nib
2875,0:31,nib
2876,0:31,nib
2877,0:31,nib
2878,0:31,nib
2879,0:31,nib
2880,0:31,nib
2881,0:31,nib
2882,0:31,nib
2883,0:31,nib
2884,0:31,nib
2885,0:31,nib
2886,0:31,nib
2887,0:31,nib
2888,0:31,nib
2889,0:31,nib
2890,0:31,nib
2891,0:31,nib
2892,0:31,nib
2893,0:31,nib
2894,0:31,nib
2895,0:52,nib
2896,0:52,nib
2897,0:52,nib
2898,0:52,nib
2899,0:52,nib
2900,0:52,nib
2901,0:45,nib
2902,0:45,nib
2903,0:45,nib
2904,0:45,nib
2905,0:45,nib
2906,0:45,nib
2907,0:36,nib
2908,0:36,nib
2909,0:36,nib
2910,0:36,nib
2911,0:36,nib
2912,0:36,nib
2913,0:34,nib
2914,0:33,nib
2915,0:33,nib
2916,0:33,nib
2917,0:33,nib
2918,0:33,nib
2919,0:32,nib
2920,0:32,nib
2921,0:32,nib
2922,0:32,nib
2923,0:32,nib
2924,0:32,nib
2925,0:32,nib
2926,0:32,nib
2927,0:32,nib
2928,0:32,nib
2929,0:32,nib
2930,0:32,nib
2931,0:32,nib
2932,0:32,nib
2933,0:32,nib
2934,0:32,nib
2935,0:32,nib
2936,0:32,nib
2937,0:32,nib
2938,0:32,nib
2939,0:32,nib
2940,0:32,nib
2941,0:32,nib
2942,0:32,nib
2943,0:32,nib
2944,0:32,nib
2945,0:32,nib
2946,0:32,nib
2947,0:32,nib
2948,0:32,nib
2949,0:32,nib
2950,0:32,nib
2951,0:32,nib
2952,0:32,nib
2953,0:32,nib
2954,0:32,nib
2955,0:32,nib
2956,0:32,nib
2957,0:32,nib
2958,0:32,nib
2959,0:32,nib
2960,0:32,nib
2961,0:32,nib
2962,0:32,nib
2963,0:32,nib
2964,0:32,nib
2965,0:32,nib
2966,0:32,nib
2967,0:32,nib
2968,0:32,nib
2969,0:32,nib
2970,0:32,nib
2971,0:32,nib
2972,0:32,nib
2973,0:32,nib
2974,0:32,nib
2975,0:32,nib
2976,0:32,nib
2977,0:32,nib
2978,0:32,nib
2979,0:32,nib
2980,0:32,nib
2981,0:32,nib
2982,0:32,nib
2983,0:32,nib
2984,0:32,nib
2985,0:32,nib
2986,0:32,nib
2987,0:32,nib
2988,0:32,nib
2989,0:32,nib
2990,0:32,nib
2991,0:32,nib
2992,0:32,nib
2993,0:32,nib
2994,0:32,nib
2995,0:32,nib
2996,0:32,nib
2997,0:32,nib
2998,0:32,nib
2999,0:32,nib
3000,0:32,nib
3001,0:32,nib
3002,0:32,nib
3003,0:32,nib
3004,0:32,nib
3005,0:32,nib
3006,0:32,nib
3007,0:32,nib
3008,0:32,nib
3009,0:32,nib
3010,0:32,nib
3011,0:32,nib
3012,0:32,nib
3013,0:32,nib
3014,0:32,nib
3015,0:32,nib
3016,0:32,nib
3017,0:32,nib
3018,0:32,nib
3019,0:32,nib
3020,0:32,nib
3021,0:32,nib
3022,0:32,nib
3023,0:32,nib
3024,0:32,nib
3025,0:32,nib
3026,0:32,nib
3027,0:32,nib
3028,0:32,nib
3029,0:32,nib
3030,0:32,nib
3031,0:32,nib
3032,0:32,nib
3033,0:32,nib
3034,0:32,nib
3035,0:32,nib
3036,0:32,nib
3037,0:32,nib
3038,0:32,nib
3039,0:32,nib
3040,0:32,nib
3041,0:32,nib
3042,0:32,nib
3043,0:32,nib
3044,0:32,nib
3045,0:32,nib
3046,0:32,nib
3047,0:32,nib
3048,0:32,nib
3049,0:32,nib
3050,0:32,nib
3051,0:60,nib
3052,0:60,nib
3053,0:60,nib
3054,0:60,nib
3055,0:60,nib
3056,0:60,nib
3057,0:58,nib
3058,0:58,nib
3059,0:58,nib
3060,0:58,nib
3061,0:58,nib
3062,0:57,nib
3063,0:56,nib
3064,0:56,nib
3065,0:56,nib
3066,0:56,nib
3067,0:56,nib
3068,0:56,nib
3069,0:56,nib
3070,0:56,nib
3071,0:56,nib
3072,0:56,nib
3073,0:56,nib
3074,0:56,nib
3075,0:56,nib
3076,0:56,nib
3077,0:56,nib
3078,0:56,nib
3079,0:56,nib
3080,0:56,nib
3081,0:56,nib
3082,0:56,nib
3083,0:56,nib
3084,0:56,nib
3085,0:56,nib
3086,0:56,nib
3087,0:56,nib
3088,0:56,nib
3089,0:56,nib
3090,0:56,nib
3091,0:56,nib
3092,0:56,nib
3093,0:56,nib
3094,0:56,nib
3095,0:56,nib
3096,0:56,nib
3097,0:56,nib
3098,0:56,nib
3099,0:56,nib
3100,0:56,nib
3101,0:56,nib
3102,0:56,nib
3103,0:56,nib
3104,0:56,nib
3105,0:56,nib
3106,0:56,nib
3107,0:56,nib
3108,0:56,nib
3109,0:56,nib
3110,0:56,nib
3111,0:56,nib
3112,0:56,nib
3113,0:64,nib
3114,0:64,nib
3115,0:64,nib
3116,0:64,nib
3117,0:64,nib
3118,0:64,nib
3119,0:54,nib
3120,0:54,nib
3121,0:54,nib
3122,0:54,nib
3123,0:54,nib
3124,0:44,nib
3125,0:44,nib
3126,0:44,nib
3127,0:44,nib
3128,0:44,nib
3129,0:38,nib
3130,0:33,nib
3131,0:33,nib
3132,0:33,nib
3133,0:33,nib
3134,0:22,nib
3135,0:22,nib
3136,0:22,nib
3137,0:22,nib
3138,0:22,nib
3139,0:22,nib
3140,0:19,nib
3141,0:19,nib
3142,0:19,nib
3143,0:19,nib
3144,0:18,nib
3145,0:17,nib
3146,0:17,nib
3147,0:17,nib
3148,0:17,nib
3149,0:17,nib
3150,0:17,nib
3151,0:17,nib
3152,0:17,nib
3153,0:17,nib
3154,0:17,nib
3155,0:17,nib
3156,0:17,nib
3157,0:17,nib
3158,0:17,nib
3159,0:17,nib
3160,0:17,nib
3161,0:17,nib
3162,0:17,nib
3163,0:17,nib
3164,0:17,nib
3165,0:17,nib
3166,0:17,nib
3167,0:17,nib
3168,0:17,nib
3169,0:17,nib
3170,0:17,nib
3171,0:17,nib
3172,0:17,nib
3173,0:17,nib
3174,0:17,nib
3175,0:17,nib
3176,0:17,nib
3177,0:17,nib
3178,0:17,nib
3179,0:17,nib
3180,0:17,nib
3181,0:17,nib
3182,0:17,nib
3183,0:17,nib
3184,0:17,nib
3185,0:17,nib
3186,0:17,nib
3187,0:17,nib
3188,0:17,nib
3189,0:17,nib
3190,0:17,nib
3191,0:17,nib
3192,0:17,nib
3193,0:17,nib
3194,0:17,nib
3195,0:17,nib
3196,0:17,nib
3197,0:17,nib
3198,0:17,nib
3199,0:17,nib
3200,0:17,nib
3201,0:17,nib
3202,0:17,nib
3203,0:17,nib
3204,0:17,nib
3205,0:17,nib
3206,0:17,nib
3207,0:17,nib
3208,0:17,nib
3209,0:17,nib
3210,0:17,nib
3211,0:17,nib
3212,0:17,nib
3213,0:17,nib
3214,0:17,nib
3215,0:17,nib
3216,0:17,nib
3217,0:17,nib
3218,0:17,nib
3219,0:17,nib
3220,0:17,nib
3221,0:17,nib
3222,0:17,nib
3223,0:17,nib
3224,0:17,nib
3225,0:17,nib
3226,0:17,nib
3227,0:17,nib
3228,0:17,nib
3229,0:17,nib
3230,0:17,nib
3231,0:17,nib
3232,0:17,nib
3233,214:204:0,paint
3234,214:204:0,paint
3235,214:204:0,paint
3236,214:204:0,paint
3237,214:204:0,paint
3238,214:204:0,paint
3239,214:204:0,paint
3240,214:204:0,paint
3241,214:204:0,paint
3242,214:204:0,paint
3243,214:204:0,paint
3244,214:204:0,paint
3245,214:204:0,paint
3246,214:204:0,paint
3247,214:204:0,paint
3248,214:204:0,paint
3249,214:204:0,paint
3250,214:204:0,paint
3251,214:204:0,paint
3252,214:204:0,paint
3253,214:204:0,paint
3254,214:204:0,paint
3255,214:204:0,paint
3256,214:204:0,paint
3257,214:204:0,paint
3258,214:204:0,paint
3259,214:204:0,paint
3260,214:204:0,paint
3261,214:204:0,paint
3262,214:204:0,paint
3263,214:204:0,paint
3264,214:204:0,paint
3265,214:204:0,paint
3266,214:204:0,paint
3267,214:204:0,paint
3268,214:204:0,paint
3269,214:204:0,paint
3270,214:204:0,paint
3271,214:204:0,paint
3272,214:204:0,paint
3273,214:204:0,paint
3274,214:204:0,paint
3275,214:204:0,paint
3276,214:204:0,paint
3277,214:204:0,paint
3278,214:204:0,paint
3279,214:204:0,paint
3280,214:204:0,paint
3281,214:204:0,paint
3282,214:204:0,paint
3283,214:204:0,paint
3284,214:204:0,paint
3285,214:204:0,paint
3286,214:204:0,paint
3287,214:204:0,paint
3288,214:204:0,paint
3289,214:204:0,paint
3290,214:204:0,paint
3291,214:204:0,paint
3292,214:204:0,paint
3293,214:204:0,paint
3294,214:204:0,paint
3295,214:204:0,paint
3296,214:204:0,paint
3297,214:204:0,paint
3298,214:204:0,paint
3299,214:204:0,paint
3300,214:204:0,paint
3301,214:204:0,paint
3302,214:204:0,paint
3303,214:204:0,paint
3304,214:204:0,paint
3305,214:204:0,paint
3306,214:204:0,paint
3307,214:204:0,paint
3308,214:204:0,paint
3309,214:204:0,paint
3310,214:204:0,paint
3311,214:204:0,paint
3312,9:4:0,paint
3313,9:4:0,paint
3314,9:4:0,paint
3315,9:4:0,paint
3316,9:4:0,paint
3317,9:4:0,paint
3318,7:4:14,paint
3319,7:4:14,paint
3320,7:4:14,paint
3321,7:4:14,paint
3322,7:4:14,paint
3323,7:4:14,paint
3324,7:4:14,paint
3325,7:4:14,paint
3326,7:4:14,paint
3327,7:4:14,paint
3328,7:4:14,paint
3329,7:4:14,paint
3330,7:4:14,paint
3331,7:4:14,paint
3332,7:4:14,paint
3333,7:4:14,paint
3334,7:4:14,paint
3335,7:4:14,paint
3336,7:4:14,paint
3337,7:4:14,paint
3338,7:4:14,paint
3339,7:4:14,paint
3340,7:4:14,paint
3341,7:4:14,paint
3342,7:4:14,paint
3343,7:4:14,paint
3344,7:4:14,paint
3345,7:4:14,paint
3346,7:4:14,paint
3347,7:4:14,paint
3348,7:4:14,paint
3349,7:4:14,paint
3350,7:4:14,paint
3351,7:4:14,paint
3352,7:4:14,paint
3353,7:4:14,paint
3354,7:4:14,paint
3355,7:4:14,paint
3356,7:4:14,paint
3357,7:4:14,paint
3358,7:4:14,paint
3359,7:4:14,paint
3360,7:4:14,paint
3361,7:4:14,paint
3362,7:4:14,paint
3363,7:4:14,paint
3364,7:4:14,paint
3365,7:4:14,paint
3366,7:4:14,paint
3367,7:4:14,paint
3368,7:4:14,paint
3369,7:4:14,paint
3370,7:4:14,paint
3371,7:4:14,paint
3372,7:4:14,paint
3373,7:4:14,paint
3374,7:4:14,paint
3375,7:4:14,paint
3376,7:4:14,paint
3377,7:4:14,paint
3378,7:4:14,paint
3379,7:4:14,paint
3380,7:4:14,paint
3381,7:4:14,paint
3382,7:4:14,paint
3383,7:4:14,paint
3384,7:4:14,paint
3385,7:4:14,paint
3386,7:4:14,paint
3387,7:4:14,paint
3388,7:4:14,paint
3389,7:4:14,paint
3390,7:4:14,paint
3391,7:4:14,paint
3392,7:4:14,paint
3393,7:4:14,paint
3394,7:4:14,paint
3395,7:4:14,paint
3396,7:4:14,paint
3397,7:4:14,paint
3398,7:4:14,paint
3399,7:4:14,paint
3400,7:4:14,paint
3401,7:4:14,paint
3402,7:4:14,paint
3403,7:4:14,paint
3404,7:4:14,paint
3405,7:4:14,paint
3406,7:4:14,paint
3407,7:4:14,paint
3408,7:4:14,paint
3409,7:4:14,paint
3410,7:4:14,paint
3411,7:4:14,paint
3412,7:4:14,paint
3413,7:4:14,paint
3414,7:4:14,paint
3415,7:4:14,paint
3416,7:4:14,paint
3417,7:4:14,paint
3418,7:4:14,paint
3419,7:4:14,paint
3420,7:4:14,paint
3421,7:4:14,paint
3422,7:4:14,paint
3423,7:4:14,paint
3424,7:4:14,paint
3425,7:4:14,paint
3426,7:4:14,paint
3427,7:4:14,paint
3428,7:4:14,paint
3429,7:4:14,paint
3430,7:4:14,paint
3431,7:4:14,paint
3432,7:4:14,paint
3433,7:4:14,paint
3434,7:4:14,paint
3435,7:4:14,paint
3436,7:4:14,paint
3437,7:4:14,paint
3438,7:4:14,paint
3439,7:4:14,paint
3440,7:4:14,paint
3441,7:4:14,paint
3442,7:4:14,paint
3443,7:4:14,paint
3444,7:4:14,paint
3445,7:4:14,paint
3446,7:4:14,paint
3447,7:4:14,paint
3448,7:4:14,paint
3449,7:4:14,paint
3450,7:4:14,paint
3451,7:4:14,paint
3452,7:4:14,paint
3453,7:4:14,paint
3454,7:4:14,paint
3455,7:4:14,paint
3456,7:4:14,paint
3457,7:4:14,paint
3458,7:4:14,paint
3459,7:4:14,paint
3460,7:4:14,paint
3461,7:4:14,paint
3462,7:4:14,paint
3463,7:4:14,paint
3464,7:4:14,paint
3465,7:4:14,paint
3466,7:4:14,paint
3467,7:4:14,paint
3468,7:4:14,paint
3469,7:4:14,paint
3470,7:4:14,paint
3471,7:4:14,paint
3472,7:4:14,paint
3473,7:4:14,paint
3474,7:4:14,paint
3475,7:4:14,paint
3476,7:4:14,paint
3477,7:4:14,paint
3478,7:4:14,paint
3479,7:4:14,paint
3480,7:4:14,paint
3481,7:4:14,paint
3482,7:4:14,paint
3483,7:4:14,paint
3484,7:4:14,paint
3485,7:4:14,paint
3486,7:4:14,paint
3487,7:4:14,paint
3488,7:4:14,paint
3489,27:0:0,paint
3490,27:0:0,paint
3491,27:0:0,paint
3492,27:0:0,paint
3493,27:0:0,paint
3494,27:0:0,paint
3495,58:0:0,paint
3496,58:0:0,paint
3497,58:0:0,paint
3498,58:0:0,paint
3499,58:0:0,paint
3500,115:5:0,paint
3501,115:18:0,paint
3502,115:18:0,paint
3503,115:18:0,paint
3504,115:18:0,paint
3505,115:18:0,paint
3506,124:29:0,paint
3507,185:53:0,paint
3508,185:53:0,paint
3509,185:53:0,paint
3510,185:53:0,paint
3511,185:53:0,paint
3512,186:53:0,paint
3513,228:87:0,paint
3514,228:87:0,paint
3515,228:87:0,paint
3516,228:87:0,paint
3517,228:87:0,paint
3518,225:93:0,paint
3519,256:109:0,paint
3520,256:109:0,paint
3521,256:109:0,paint
3522,256:109:0,paint
3523,256:109:0,paint
3524,256:109:0,paint
3525,271:119:0,paint
3526,271:119:0,paint
3527,271:119:0,paint
3528,271:119:0,paint
3529,271:119:0,paint
3530,271:119:0,paint
3531,271:119:0,paint
3532,264:110:0,paint
3533,264:110:0,paint
3534,264:110:0,paint
3535,264:110:0,paint
3536,264:110:0,paint
3537,264:110:0,paint
3538,264:110:0,paint
3539,264:110:0,paint
3540,264:110:0,paint
3541,264:110:0,paint
3542,264:110:0,paint
3543,264:110:0,paint
3544,264:110:0,paint
3545,264:110:0,paint
3546,264:110:0,paint
3547,264:110:0,paint
3548,264:110:0,paint
3549,264:110:0,paint
3550,264:110:0,paint
3551,264:110:0,paint
3552,264:110:0,paint
3553,264:110:0,paint
3554,264:110:0,paint
3555,264:110:0,paint
3556,264:110:0,paint
3557,264:110:0,paint
3558,264:110:0,paint
3559,264:110:0,paint
3560,264:110:0,paint
3561,264:110:0,paint
3562,264:110:0,paint
3563,264:110:0,paint
3564,264:110:0,paint
3565,264:110:0,paint
3566,264:110:0,paint
3567,264:110:0,paint
3568,264:110:0,paint
3569,264:110:0,paint
3570,264:110:0,paint
3571,264:110:0,paint
3572,264:110:0,paint
3573,264:110:0,paint
3574,264:110:0,paint
3575,264:110:0,paint
3576,264:110:0,paint
3577,264:110:0,paint
3578,264:110:0,paint
3579,264:110:0,paint
3580,264:110:0,paint
3581,264:110:0,paint
3582,264:110:0,paint
3583,264:110:0,paint
3584,264:110:0,paint
3585,264:110:0,paint
3586,264:110:0,paint
3587,264:110:0,paint
3588,264:110:0,paint
3589,264:110:0,paint
3590,264:110:0,paint
3591,264:110:0,paint
3592,264:110:0,paint
3593,264:110:0,paint
3594,264:110:0,paint
3595,264:110:0,paint
3596,264:110:0,paint
3597,264:110:0,paint
3598,264:110:0,paint
3599,264:110:0,paint
3600,264:110:0,paint
3601,264:110:0,paint
3602,264:110:0,paint
3603,264:110:0,paint
3604,264:110:0,paint
3605,264:110:0,paint
3606,264:110:0,paint
3607,264:110:0,paint
3608,264:110:0,paint
3609,264:110:0,paint
3610,264:110:0,paint
3611,264:110:0,paint
3612,264:110:0,paint
3613,21:17:0,paint
3614,21:17:0,paint
3615,21:17:0,paint
3616,21:17:0,paint
3617,21:17:0,paint
3618,21:17:0,paint
3619,50:45:0,paint
3620,50:45:0,paint
3621,50:45:0,paint
3622,50:45:0,paint
3623,50:45:0,paint
3624,66:61:0,paint
3625,83:78:0,paint
3626,83:78:0,paint
3627,83:78:0,paint
3628,83:78:0,paint
3629,83:78:0,paint
3630,83:78:0,paint
3631,118:112:0,paint
3632,118:112:0,paint
3633,118:112:0,paint
3634,118:112:0,paint
3635,118:112:0,paint
3636,118:112:0,paint
3637,144:139:0,paint
3638,144:139:0,paint
3639,144:139:0,paint
3640,144:139:0,paint
3641,144:139:0,paint
3642,144:139:0,paint
3643,144:139:0,paint
3644,142:136:0,paint
3645,142:136:0,paint
3646,142:136:0,paint
3647,142:136:0,paint
3648,142:136:0,paint
3649,142:136:0,paint
3650,142:136:0,paint
3651,142:136:0,paint
3652,142:136:0,paint
3653,142:136:0,paint
3654,142:136:0,paint
3655,142:136:0,paint
3656,142:136:0,paint
3657,142:136:0,paint
3658,142:136:0,paint
3659,142:136:0,paint
3660,142:136:0,paint
3661,142:136:0,paint
3662,142:136:0,paint
3663,142:136:0,paint
3664,142:136:0,paint
3665,142:136:0,paint
3666,142:136:0,paint
3667,142:136:0,paint
3668,142:136:0,paint
3669,142:136:0,paint
3670,142:136:0,paint
3671,142:136:0,paint
3672,142:136:0,paint
3673,142:136:0,paint
3674,142:136:0,paint
3675,142:136:0,paint
3676,142:136:0,paint
3677,142:136:0,paint
3678,142:136:0,paint
3679,142:136:0,paint
3680,142:136:0,paint
3681,142:136:0,paint
3682,142:136:0,paint
3683,142:136:0,paint
3684,142:136:0,paint
3685,142:136:0,paint
3686,142:136:0,paint
3687,142:136:0,paint
3688,142:136:0,paint
3689,142:136:0,paint
3690,142:136:0,paint
3691,142:136:0,paint
3692,79:73:0,paint
3693,79:73:0,paint
3694,79:73:0,paint
3695,79:73:0,paint
3696,79:73:0,paint
3697,79:73:0,paint
3698,119:113:0,paint
3699,119:113:0,paint
3700,119:113:0,paint
3701,119:113:0,paint
3702,119:113:0,paint
3703,119:113:0,paint
3704,171:165:0,paint
3705,171:165:0,paint
3706,171:165:0,paint
3707,171:165:0,paint
3708,171:165:0,paint
3709,196:189:0,paint
3710,221:214:0,paint
3711,221:214:0,paint
3712,221:214:0,paint
3713,221:214:0,paint
3714,221:214:0,paint
3715,244:238:0,paint
3716,254:247:0,paint
3717,254:247:0,paint
3718,254:247:0,paint
3719,254:247:0,paint
3720,254:247:0,paint
3721,254:247:0,paint
3722,255:248:0,paint
3723,256:249:0,paint
3724,256:249:0,paint
3725,256:249:0,paint
3726,256:249:0,paint
3727,256:249:0,paint
3728,256:249:0,paint
3729,256:249:0,paint
3730,256:249:0,paint
3731,256:249:0,paint
3732,256:249:0,paint
3733,256:249:0,paint
3734,256:249:0,paint
3735,256:249:0,paint
3736,256:249:0,paint
3737,256:249:0,paint
3738,256:249:0,paint
3739,256:249:0,paint
3740,256:249:0,paint
3741,256:249:0,paint
3742,256:249:0,paint
3743,256:249:0,paint
3744,256:249:0,paint
3745,256:249:0,paint
3746,256:249:0,paint
3747,256:249:0,paint
3748,256:249:0,paint
3749,256:249:0,paint
3750,256:249:0,paint
3751,256:249:0,paint
3752,256:249:0,paint
3753,256:249:0,paint
3754,256:249:0,paint
3755,256:249:0,paint
3756,256:249:0,paint
3757,256:249:0,paint
3758,256:249:0,paint
3759,256:249:0,paint
3760,256:249:0,paint
3761,256:249:0,paint
3762,256:249:0,paint
3763,256:249:0,paint
3764,256:249:0,paint
3765,256:249:0,paint
3766,256:249:0,paint
3767,256:249:0,paint
3768,256:249:0,paint
3769,256:249:0,paint
3770,256:249:0,paint
3771,256:249:0,paint
3772,256:249:0,paint
3773,256:249:0,paint
3774,256:249:0,paint
3775,256:249:0,paint
3776,256:249:0,paint
3777,256:249:0,paint
3778,256:249:0,paint
3779,256:249:0,paint
3780,256:249:0,paint
3781,256:249:0,paint
3782,256:249:0,paint
3783,256:249:0,paint
3784,256:249:0,paint
3785,256:249:0,paint
3786,256:249:0,paint
3787,256:249:0,paint
3788,256:249:0,paint
3789,256:249:0,paint
3790,256:249:0,paint
3791,256:249:0,paint
3792,256:249:0,paint
3793,256:249:0,paint
3794,256:249:0,paint
3795,256:249:0,paint
3796,256:249:0,paint
3797,256:249:0,paint
3798,256:249:0,paint
3799,256:249:0,paint
3800,256:249:0,paint
3801,256:249:0,paint
3802,256:249:0,paint
3803,227:221:0,paint
3804,227:221:0,paint
3805,227:221:0,paint
3806,227:221:0,paint
3807,227:221:0,paint
3808,251:244:0,paint
3809,269:262:0,paint
3810,269:262:0,paint
3811,269:262:0,paint
3812,269:262:0,paint
3813,269:262:0,paint
3814,290:283:0,paint
3815,290:283:0,paint
3816,290:283:0,paint
3817,290:283:0,paint
3818,290:283:0,paint
3819,290:283:0,paint
3820,290:283:0,paint
3821,297:290:0,paint
3822,297:290:0,paint
3823,297:290:0,paint
3824,297:290:0,paint
3825,297:290:0,paint
3826,297:290:0,paint
3827,297:290:0,paint
3828,297:290:0,paint
3829,297:290:0,paint
3830,297:290:0,paint
3831,297:290:0,paint
3832,297:290:0,paint
3833,297:290:0,paint
3834,297:290:0,paint
3835,297:290:0,paint
3836,297:290:0,paint
3837,297:290:0,paint
3838,297:290:0,paint
3839,297:290:0,paint
3840,297:290:0,paint
3841,297:290:0,paint
3842,297:290:0,paint
3843,297:290:0,paint
3844,297:290:0,paint
3845,297:290:0,paint
3846,297:290:0,paint
3847,297:290:0,paint
3848,297:290:0,paint
3849,297:290:0,paint
3850,297:290:0,paint
3851,297:290:0,paint
3852,297:290:0,paint
3853,297:290:0,paint
3854,297:290:0,paint
3855,297:290:0,paint
3856,297:290:0,paint
3857,297:290:0,paint
3858,297:290:0,paint
3859,297:290:0,paint
3860,297:290:0,paint
3861,297:290:0,paint
3862,297:290:0,paint
3863,297:290:0,paint
3864,297:290:0,paint
3865,297:290:0,paint
3866,297:290:0,paint
3867,297:290:0,paint
3868,297:290:0,paint
3869,297:290:0,paint
3870,297:290:0,paint
3871,297:290:0,paint
3872,297:290:0,paint
3873,297:290:0,paint
3874,297:290:0,paint
3875,297:290:0,paint
3876,297:290:0,paint
3877,297:290:0,paint
3878,297:290:0,paint
3879,297:290:0,paint
3880,297:290:0,paint
3881,297:290:0,paint
3882,297:290:0,paint
3883,297:290:0,paint
3884,297:290:0,paint
3885,297:290:0,paint
3886,297:290:0,paint
3887,297:290:0,paint
3888,297:290:0,paint
3889,297:290:0,paint
3890,297:290:0,paint
3891,297:290:0,paint
3892,297:290:0,paint
3893,297:290:0,paint
3894,297:290:0,paint
3895,297:290:0,paint
3896,297:290:0,paint
3897,297:290:0,paint
3898,297:290:0,paint
3899,297:290:0,paint
3900,297:290:0,paint
3901,297:290:0,paint
3902,297:290:0,paint
3903,297:290:0,paint
3904,297:290:0,paint
3905,297:290:0,paint
3906,297:290:0,paint
3907,297:290:0,paint
3908,297:290:0,paint
3909,297:290:0,paint
3910,297:290:0,paint
3911,297:290:0,paint
3912,297:290:0,paint
3913,297:290:0,paint
3914,297:290:0,paint
3915,297:290:0,paint
3916,297:290:0,paint
3917,297:290:0,paint
3918,297:290:0,paint
3919,297:290:0,paint
3920,297:290:0,paint
3921,297:290:0,paint
3922,297:290:0,paint
3923,297:290:0,paint
3924,297:290:0,paint
3925,297:290:0,paint
3926,297:290:0,paint
3927,297:290:0,paint
3928,297:290:0,paint
3929,297:290:0,paint
3930,297:290:0,paint
3931,297:290:0,paint
3932,297:290:0,paint
3933,297:290:0,paint
3934,297:290:0,paint
3935,297:290:0,paint
3936,297:290:0,paint
3937,297:290:0,paint
3938,297:290:0,paint
3939,297:290:0,paint
3940,297:290:0,paint
3941,297:290:0,paint
3942,297:290:0,paint
3943,297:290:0,paint
3944,297:290:0,paint
3945,297:290:0,paint
3946,297:290:0,paint
3947,297:290:0,paint
3948,297:290:0,paint
3949,297:290:0,paint
3950,297:290:0,paint
3951,297:290:0,paint
3952,297:290:0,paint
3953,297:290:0,paint
3954,297:290:0,paint
3955,297:290:0,paint
3956,297:290:0,paint
3957,297:290:0,paint
3958,297:290:0,paint
3959,82:66:0,paint
3960,82:66:0,paint
3961,82:66:0,paint
3962,82:66:0,paint
3963,82:66:0,paint
3964,82:66:0,paint
3965,134:95:0,paint
3966,134:95:0,paint
3967,134:95:0,paint
3968,134:95:0,paint
3969,134:95:0,paint
3970,134:95:0,paint
3971,155:94:0,paint
3972,196:130:0,paint
3973,196:130:0,paint
3974,196:130:0,paint
3975,196:130:0,paint
3976,196:130:0,paint
3977,217:131:0,paint
3978,249:158:0,paint
3979,249:158:0,paint
3980,249:158:0,paint
3981,249:158:0,paint
3982,249:158:0,paint
3983,206:133:0,paint
3984,206:133:0,paint
3985,206:133:0,paint
3986,206:133:0,paint
3987,206:133:0,paint
3988,206:133:0,paint
3989,206:133:0,paint
3990,206:133:0,paint
3991,206:133:0,paint
3992,206:133:0,paint
3993,206:133:0,paint
3994,206:133:0,paint
3995,206:133:0,paint
3996,206:133:0,paint
3997,206:133:0,paint
3998,206:133:0,paint
3999,206:133:0,paint
4000,206:133:0,paint
4001,206:133:0,paint
4002,206:133:0,paint
4003,206:133:0,paint
4004,206:133:0,paint
4005,206:133:0,paint
4006,206:133:0,paint
4007,206:133:0,paint
4008,206:133:0,paint
4009,206:133:0,paint
4010,206:133:0,paint
4011,206:133:0,paint
4012,206:133:0,paint
4013,206:133:0,paint
4014,206:133:0,paint
4015,206:133:0,paint
4016,206:133:0,paint
4017,206:133:0,paint
4018,206:133:0,paint
4019,206:133:0,paint
4020,206:133:0,paint
4021,206:133:0,paint
4022,206:133:0,paint
4023,206:133:0,paint
4024,206:133:0,paint
4025,206:133:0,paint
4026,206:133:0,paint
4027,206:133:0,paint
4028,206:133:0,paint
4029,206:133:0,paint
4030,206:133:0,paint
4031,206:133:0,paint
4032,206:133:0,paint
4033,206:133:0,paint
4034,206:133:0,paint
4035,206:133:0,paint
4036,206:133:0,paint
4037,206:133:0,paint
4038,206:133:0,paint
4039,206:133:0,paint
4040,206:133:0,paint
4041,206:133:0,paint
4042,206:133:0,paint
4043,206:133:0,paint
4044,206:133:0,paint
4045,206:133:0,paint
4046,206:133:0,paint
4047,206:133:0,paint
4048,206:133:0,paint
4049,206:133:0,paint
4050,206:133:0,paint
4051,206:133:0,paint
4052,206:133:0,paint
4053,206:133:0,paint
4054,206:133:0,paint
4055,206:133:0,paint
4056,206:133:0,paint
4057,206:133:0,paint
4058,206:133:0,paint
4059,206:133:0,paint
4060,206:133:0,paint
4061,206:133:0,paint
4062,206:133:0,paint
4063,206:133:0,paint
4064,206:133:0,paint
4065,206:133:0,paint
4066,206:133:0,paint
4067,206:133:0,paint
4068,206:133:0,paint
4069,206:133:0,paint
4070,206:133:0,paint
4071,206:133:0,paint
4072,206:133:0,paint
4073,206:133:0,paint
4074,206:133:0,paint
4075,206:133:0,paint
4076,206:133:0,paint
4077,206:133:0,paint
4078,206:133:0,paint
4079,206:133:0,paint
4080,206:133:0,paint
4081,206:133:0,paint
4082,206:133:0,paint
4083,206:133:0,paint
4084,206:133:0,paint
4085,206:133:0,paint
4086,206:133:0,paint
4087,206:133:0,paint
4088,206:133:0,paint
4089,206:133:0,paint
4090,206:133:0,paint
4091,206:133:0,paint
4092,206:133:0,paint
4093,206:133:0,paint
4094,206:133:0,paint
4095,206:133:0,paint
4096,206:133:0,paint
4097,206:133:0,paint
4098,206:133:0,paint
4099,206:133:0,paint
4100,206:133:0,paint
4101,206:133:0,paint
4102,206:133:0,paint
4103,206:133:0,paint
4104,206:133:0,paint
4105,206:133:0,paint
4106,206:133:0,paint
4107,206:133:0,paint
4108,206:133:0,paint
4109,206:133:0,paint
4110,206:133:0,paint
4111,206:133:0,paint
4112,206:133:0,paint
4113,206:133:0,paint
4114,206:133:0,paint
4115,206:133:0,paint
4116,206:133:0,paint
4117,206:133:0,paint
4118,206:133:0,paint
4119,206:133:0,paint
4120,206:133:0,paint
4121,206:133:0,paint
4122,206:133:0,paint
4123,206:133:0,paint
4124,206:133:0,paint
4125,206:133:0,paint
4126,206:133:0,paint
4127,206:133:0,paint
4128,206:133:0,paint
4129,206:133:0,paint
4130,206:133:0,paint
4131,206:133:0,paint
4132,206:133:0,paint
4133,206:133:0,paint
4134,206:133:0,paint
4135,206:133:0,paint
4136,206:133:0,paint
4137,206:133:0,paint
4138,260:258,paitning
4139,206:133:0,paint
4140,260:264,paitning
4141,206:133:0,paint
4142,260:268,paitning
4143,206:133:0,paint
4144,260:275,paitning
4145,206:133:0,paint
4146,260:278,paitning
4147,206:133:0,paint
4148,260:285,paitning
4149,206:133:0,paint
4150,261:289,paitning
4151,206:133:0,paint
4152,263:296,paitning
4153,206:133:0,paint
4154,264:300,paitning
4155,206:133:0,paint
4156,265:303,paitning
4157,206:133:0,paint
4158,267:311,paitning
4159,206:133:0,paint
4160,268:315,paitning
4161,206:133:0,paint
4162,269:319,paitning
4163,206:133:0,paint
4164,271:325,paitning
4165,206:133:0,paint
4166,273:329,paitning
4167,206:133:0,paint
4168,274:335,paitning
4169,206:133:0,paint
4170,275:339,paitning
4171,206:133:0,paint
4172,275:341,paitning
4173,206:133:0,paint
4174,278:348,paitning
4175,206:133:0,paint
4176,279:352,paitning
4177,206:133:0,paint
4178,282:359,paitning
4179,206:133:0,paint
4180,282:362,paitning
4181,206:133:0,paint
4182,284:369,paitning
4183,206:133:0,paint
4184,284:373,paitning
4185,206:133:0,paint
4186,286:380,paitning
4187,206:133:0,paint
4188,286:388,paitning
4189,206:133:0,paint
4190,287:392,paitning
4191,206:133:0,paint
4192,287:400,paitning
4193,206:133:0,paint
4194,287:403,paitning
4195,206:133:0,paint
4196,288:410,paitning
4197,206:133:0,paint
4198,289:417,paitning
4199,206:133:0,paint
4200,289:420,paitning
4201,206:133:0,paint
4202,290:426,paitning
4203,206:133:0,paint
4204,291:429,paitning
4205,206:133:0,paint
4206,292:439,paitning
4207,206:133:0,paint
4208,293:443,paitning
4209,206:133:0,paint
4210,294:452,paitning
4211,206:133:0,paint
4212,294:454,paitning
4213,206:133:0,paint
4214,295:458,paitning
4215,206:133:0,paint
4216,297:466,paitning
4217,206:133:0,paint
4218,297:470,paitning
4219,206:133:0,paint
4220,298:478,paitning
4221,206:133:0,paint
4222,300:487,paitning
4223,206:133:0,paint
4224,300:492,paitning
4225,206:133:0,paint
4226,302:501,paitning
4227,206:133:0,paint
4228,303:505,paitning
4229,206:133:0,paint
4230,304:509,paitning
4231,206:133:0,paint
4232,305:517,paitning
4233,206:133:0,paint
4234,305:523,paitning
4235,206:133:0,paint
4236,306:526,paitning
4237,206:133:0,paint
4238,307:533,paitning
4239,206:133:0,paint
4240,308:535,paitning
4241,206:133:0,paint
4242,309:541,paitning
4243,206:133:0,paint
4244,309:544,paitning
4245,206:133:0,paint
4246,310:550,paitning
4247,206:133:0,paint
4248,310:553,paitning
4249,206:133:0,paint
4250,311:559,paitning
4251,206:133:0,paint
4252,312:562,paitning
4253,206:133:0,paint
4254,312:567,paitning
4255,206:133:0,paint
4256,312:569,paitning
4257,206:133:0,paint
4258,312:571,paitning
4259,206:133:0,paint
4260,312:574,paitning
4261,206:133:0,paint
4262,312:578,paitning
4263,206:133:0,paint
4264,312:582,paitning
4265,206:133:0,paint
4266,312:586,paitning
4267,206:133:0,paint
4268,313:588,paitning
4269,206:133:0,paint
4270,314:592,paitning
4271,206:133:0,paint
4272,314:594,paitning
4273,206:133:0,paint
4274,318:601,paitning
4275,206:133:0,paint
4276,319:604,paitning
4277,206:133:0,paint
4278,319:608,paitning
4279,206:133:0,paint
4280,320:613,paitning
4281,206:133:0,paint
4282,321:615,paitning
4283,206:133:0,paint
4284,322:617,paitning
4285,206:133:0,paint
4286,323:620,paitning
4287,206:133:0,paint
4288,324:620,paitning
4289,206:133:0,paint
4290,325:620,paitning
4291,206:133:0,paint
4292,327:619,paitning
4293,206:133:0,paint
4294,329:616,paitning
4295,206:133:0,paint
4296,335:601,paitning
4297,206:133:0,paint
4298,339:591,paitning
4299,206:133:0,paint
4300,348:563,paitning
4301,206:133:0,paint
4302,354:548,paitning
4303,206:133:0,paint
4304,360:531,paitning
4305,206:133:0,paint
4306,368:502,paitning
4307,206:133:0,paint
4308,373:472,paitning
4309,206:133:0,paint
4310,375:457,paitning
4311,206:133:0,paint
4312,377:442,paitning
4313,206:133:0,paint
4314,379:414,paitning
4315,206:133:0,paint
4316,380:401,paitning
4317,206:133:0,paint
4318,381:380,paitning
4319,206:133:0,paint
4320,381:369,paitning
4321,206:133:0,paint
4322,381:359,paitning
4323,206:133:0,paint
4324,381:351,paitning
4325,206:133:0,paint
4326,381:335,paitning
4327,206:133:0,paint
4328,381:328,paitning
4329,206:133:0,paint
4330,380:321,paitning
4331,206:133:0,paint
4332,379:317,paitning
4333,206:133:0,paint
4334,377:311,paitning
4335,206:133:0,paint
4336,375:307,paitning
4337,206:133:0,paint
4338,372:304,paitning
4339,206:133:0,paint
4340,367:301,paitning
4341,206:133:0,paint
4342,366:301,paitning
4343,206:133:0,paint
4344,364:301,paitning
4345,206:133:0,paint
4346,364:301,paitning
4347,206:133:0,paint
4348,363:301,paitning
4349,206:133:0,paint
4350,361:309,paitning
4351,206:133:0,paint
4352,359:317,paitning
4353,206:133:0,paint
4354,357:326,paitning
4355,206:133:0,paint
4356,352:347,paitning
4357,206:133:0,paint
4358,349:357,paitning
4359,206:133:0,paint
4360,346:367,paitning
4361,206:133:0,paint
4362,341:387,paitning
4363,206:133:0,paint
4364,338:396,paitning
4365,206:133:0,paint
4366,334:414,paitning
4367,206:133:0,paint
4368,332:423,paitning
4369,206:133:0,paint
4370,330:438,paitning
4371,206:133:0,paint
4372,329:446,paitning
4373,206:133:0,paint
4374,327:454,paitning
4375,206:133:0,paint
4376,327:462,paitning
4377,206:133:0,paint
4378,326:477,paitning
4379,206:133:0,paint
4380,326:477,paitning
4381,206:133:0,paint
4382,326:497,paitning
4383,206:133:0,paint
4384,326:503,paitning
4385,206:133:0,paint
4386,325:517,paitning
4387,206:133:0,paint
4388,325:524,paitning
4389,206:133:0,paint
4390,323:537,paitning
4391,206:133:0,paint
4392,323:544,paitning
4393,206:133:0,paint
4394,322:555,paitning
4395,206:133:0,paint
4396,322:565,paitning
4397,206:133:0,paint
4398,322:570,paitning
4399,206:133:0,paint
4400,322:575,paitning
4401,206:133:0,paint
4402,325:579,paitning
4403,206:133:0,paint
4404,327:580,paitning
4405,206:133:0,paint
4406,328:579,paitning
4407,206:133:0,paint
4408,330:577,paitning
4409,206:133:0,paint
4410,336:565,paitning
4411,206:133:0,paint
4412,339:552,paitning
4413,206:133:0,paint
4414,339:539,paitning
4415,206:133:0,paint
4416,341:506,paitning
4417,206:133:0,paint
4418,342:488,paitning
4419,206:133:0,paint
4420,345:467,paitning
4421,206:133:0,paint
4422,352:419,paitning
4423,206:133:0,paint
4424,354:404,paitning
4425,206:133:0,paint
4426,355:396,paitning
4427,206:133:0,paint
4428,355:395,paitning
4429,206:133:0,paint
4430,355:399,paitning
4431,206:133:0,paint
4432,347:440,paitning
4433,206:133:0,paint
4434,340:466,paitning
4435,206:133:0,paint
4436,330:518,paitning
4437,206:133:0,paint
4438,329:540,paitning
4439,206:133:0,paint
4440,329:562,paitning
4441,206:133:0,paint
4442,331:562,paitning
4443,206:133:0,paint
4444,336:559,paitning
4445,206:133:0,paint
4446,344:545,paitning
4447,206:133:0,paint
4448,353:491,paitning
4449,206:133:0,paint
4450,359:450,paitning
4451,206:133:0,paint
4452,364:395,paitning
4453,206:133:0,paint
4454,364:383,paitning
4455,206:133:0,paint
4456,364:383,paitning
4457,206:133:0,paint
4458,364:383,paitning
4459,206:133:0,paint
4460,361:404,paitning
4461,206:133:0,paint
4462,356:432,paitning
4463,206:133:0,paint
4464,351:462,paitning
4465,206:133:0,paint
4466,345:518,paitning
4467,206:133:0,paint
4468,344:536,paitning
4469,206:133:0,paint
4470,344:546,paitning
4471,206:133:0,paint
4472,344:540,paitning
4473,206:133:0,paint
4474,346:530,paitning
4475,206:133:0,paint
4476,352:465,paitning
4477,206:133:0,paint
4478,359:421,paitning
4479,206:133:0,paint
4480,364:394,paitning
4481,206:133:0,paint
4482,368:379,paitning
4483,206:133:0,paint
4484,370:371,paitning
4485,206:133:0,paint
4486,370:378,paitning
4487,206:133:0,paint
4488,370:388,paitning
4489,206:133:0,paint
4490,359:450,paitning
4491,206:133:0,paint
4492,352:487,paitning
4493,206:133:0,paint
4494,341:533,paitning
4495,206:133:0,paint
4496,339:545,paitning
4497,206:133:0,paint
4498,339:545,paitning
4499,206:133:0,paint
4500,338:542,paitning
4501,206:133:0,paint
4502,338:542,paitning
4503,206:133:0,paint
4504,343:469,paitning
4505,206:133:0,paint
4506,351:409,paitning
4507,206:133:0,paint
4508,356:383,paitning
4509,206:133:0,paint
4510,361:360,paitning
4511,206:133:0,paint
4512,361:360,paitning
4513,206:133:0,paint
4514,361:369,paitning
4515,206:133:0,paint
4516,360:381,paitning
4517,206:133:0,paint
4518,348:451,paitning
4519,206:133:0,paint
4520,345:488,paitning
4521,206:133:0,paint
4522,341:537,paitning
4523,206:133:0,paint
4524,341:548,paitning
4525,206:133:0,paint
4526,341:548,paitning
4527,206:133:0,paint
4528,341:542,paitning
4529,206:133:0,paint
4530,341:521,paitning
4531,206:133:0,paint
4532,341:489,paitning
4533,206:133:0,paint
4534,348:407,paitning
4535,206:133:0,paint
4536,352:380,paitning
4537,206:133:0,paint
4538,354:366,paitning
4539,206:133:0,paint
4540,354:366,paitning
4541,206:133:0,paint
4542,356:365,paitning
4543,206:133:0,paint
4544,356:384,paitning
4545,206:133:0,paint
4546,346:456,paitning
4547,206:133:0,paint
4548,343:494,paitning
4549,206:133:0,paint
4550,342:524,paitning
4551,206:133:0,paint
4552,340:545,paitning
4553,206:133:0,paint
4554,339:554,paitning
4555,206:133:0,paint
4556,338:555,paitning
4557,206:133:0,paint
4558,337:542,paitning
4559,206:133:0,paint
4560,337:483,paitning
4561,206:133:0,paint
4562,342:431,paitning
4563,206:133:0,paint
4564,354:363,paitning
4565,206:133:0,paint
4566,363:335,paitning
4567,206:133:0,paint
4568,365:332,paitning
4569,206:133:0,paint
4570,368:332,paitning
4571,206:133:0,paint
4572,371:345,paitning
4573,206:133:0,paint
4574,372:402,paitning
4575,206:133:0,paint
4576,370:436,paitning
4577,206:133:0,paint
4578,357:506,paitning
4579,206:133:0,paint
4580,348:538,paitning
4581,206:133:0,paint
4582,340:556,paitning
4583,206:133:0,paint
4584,333:563,paitning
4585,206:133:0,paint
4586,333:547,paitning
4587,206:133:0,paint
4588,340:512,paitning
4589,206:133:0,paint
4590,348:474,paitning
4591,206:133:0,paint
4592,370:381,paitning
4593,206:133:0,paint
4594,378:351,paitning
4595,206:133:0,paint
4596,382:335,paitning
4597,206:133:0,paint
4598,383:330,paitning
4599,206:133:0,paint
4600,383:338,paitning
4601,206:133:0,paint
4602,378:368,paitning
4603,206:133:0,paint
4604,371:407,paitning
4605,206:133:0,paint
4606,359:487,paitning
4607,206:133:0,paint
4608,357:518,paitning
4609,206:133:0,paint
4610,356:541,paitning
4611,206:133:0,paint
4612,357:554,paitning
4613,206:133:0,paint
4614,357:553,paitning
4615,206:133:0,paint
4616,361:506,paitning
4617,206:133:0,paint
4618,361:470,paitning
4619,206:133:0,paint
4620,364:379,paitning
4621,206:133:0,paint
4622,364:357,paitning
4623,206:133:0,paint
4624,364:347,paitning
4625,206:133:0,paint
4626,363:353,paitning
4627,206:133:0,paint
4628,363:363,paitning
4629,206:133:0,paint
4630,358:399,paitning
4631,206:133:0,paint
4632,352:474,paitning
4633,206:133:0,paint
4634,352:505,paitning
4635,206:133:0,paint
4636,357:539,paitning
4637,206:133:0,paint
4638,360:543,paitning
4639,206:133:0,paint
4640,361:543,paitning
4641,206:133:0,paint
4642,361:535,paitning
4643,206:133:0,paint
4644,360:487,paitning
4645,206:133:0,paint
4646,358:447,paitning
4647,206:133:0,paint
4648,357:401,paitning
4649,206:133:0,paint
4650,359:348,paitning
4651,206:133:0,paint
4652,361:338,paitning
4653,206:133:0,paint
4654,361:338,paitning
4655,206:133:0,paint
4656,361:349,paitning
4657,206:133:0,paint
4658,361:378,paitning
4659,206:133:0,paint
4660,358:439,paitning
4661,206:133:0,paint
4662,358:466,paitning
4663,206:133:0,paint
4664,358:487,paitning
4665,206:133:0,paint
4666,358:499,paitning
4667,206:133:0,paint
4668,358:501,paitning
4669,206:133:0,paint
4670,358:497,paitning
4671,206:133:0,paint
4672,359:433,paitning
4673,206:133:0,paint
4674,359:414,paitning
4675,206:133:0,paint
4676,364:350,paitning
4677,206:133:0,paint
4678,365:334,paitning
4679,206:133:0,paint
4680,366:326,paitning
4681,206:133:0,paint
4682,366:329,paitning
4683,206:133:0,paint
4684,366:333,paitning
4685,206:133:0,paint
4686,362:352,paitning
4687,206:133:0,paint
4688,354:413,paitning
4689,206:133:0,paint
4690,354:444,paitning
4691,206:133:0,paint
4692,354:471,paitning
4693,206:133:0,paint
4694,359:522,paitning
4695,206:133:0,paint
4696,360:528,paitning
4697,206:133:0,paint
4698,360:532,paitning
4699,206:133:0,paint
4700,360:526,paitning
4701,206:133:0,paint
4702,360:513,paitning
4703,206:133:0,paint
4704,361:449,paitning
4705,206:133:0,paint
4706,364:408,paitning
4707,206:133:0,paint
4708,368:348,paitning
4709,206:133:0,paint
4710,370:330,paitning
4711,206:133:0,paint
4712,372:319,paitning
4713,206:133:0,paint
4714,373:317,paitning
4715,206:133:0,paint
4716,374:328,paitning
4717,206:133:0,paint
4718,374:353,paitning
4719,206:133:0,paint
4720,370:385,paitning
4721,206:133:0,paint
4722,365:417,paitning
4723,206:133:0,paint
4724,360:477,paitning
4725,206:133:0,paint
4726,358:503,paitning
4727,206:133:0,paint
4728,356:520,paitning
4729,206:133:0,paint
4730,355:531,paitning
4731,206:133:0,paint
4732,355:531,paitning
4733,206:133:0,paint
4734,354:525,paitning
4735,206:133:0,paint
4736,354:499,paitning
4737,206:133:0,paint
4738,360:419,paitning
4739,206:133:0,paint
4740,366:381,paitning
4741,206:133:0,paint
4742,371:356,paitning
4743,206:133:0,paint
4744,374:341,paitning
4745,206:133:0,paint
4746,374:341,paitning
4747,206:133:0,paint
4748,373:347,paitning
4749,206:133:0,paint
4750,369:370,paitning
4751,206:133:0,paint
4752,365:403,paitning
4753,206:133:0,paint
4754,362:472,paitning
4755,206:133:0,paint
4756,360:503,paitning
4757,206:133:0,paint
4758,356:544,paitning
4759,206:133:0,paint
4760,353:552,paitning
4761,206:133:0,paint
4762,206:133:0,paint
4763,206:133:0,paint
4764,206:133:0,paint
4765,206:133:0,paint
4766,206:133:0,paint
4767,206:133:0,paint
4768,206:133:0,paint
4769,206:133:0,paint
4770,206:133:0,paint
4771,206:133:0,paint
4772,206:133:0,paint
4773,206:133:0,paint
4774,206:133:0,paint
4775,206:133:0,paint
4776,206:133:0,paint
4777,206:133:0,paint
4778,206:133:0,paint
4779,206:133:0,paint
4780,206:133:0,paint
4781,206:133:0,paint
4782,206:133:0,paint
4783,206:133:0,paint
4784,206:133:0,paint
4785,206:133:0,paint
4786,206:133:0,paint
4787,206:133:0,paint
4788,206:133:0,paint
4789,206:133:0,paint
4790,206:133:0,paint
4791,206:133:0,paint
4792,206:133:0,paint
4793,206:133:0,paint
4794,206:133:0,paint
4795,206:133:0,paint
4796,206:133:0,paint
4797,206:133:0,paint
4798,206:133:0,paint
4799,206:133:0,paint
4800,206:133:0,paint
4801,206:133:0,paint
4802,206:133:0,paint
4803,206:133:0,paint
4804,206:133:0,paint
4805,206:133:0,paint
4806,206:133:0,paint
4807,206:133:0,paint
4808,206:133:0,paint
4809,206:133:0,paint
4810,206:133:0,paint
4811,206:133:0,paint
4812,206:133:0,paint
4813,206:133:0,paint
4814,206:133:0,paint
4815,206:133:0,paint
4816,206:133:0,paint
4817,206:133:0,paint
4818,206:133:0,paint
4819,206:133:0,paint
4820,206:133:0,paint
4821,206:133:0,paint
4822,206:133:0,paint
4823,206:133:0,paint
4824,206:133:0,paint
4825,206:133:0,paint
4826,206:133:0,paint
4827,206:133:0,paint
4828,206:133:0,paint
4829,206:133:0,paint
4830,206:133:0,paint
4831,206:133:0,paint
4832,206:133:0,paint
4833,206:133:0,paint
4834,206:133:0,paint
4835,206:133:0,paint
4836,206:133:0,paint
4837,206:133:0,paint
4838,206:133:0,paint
4839,206:133:0,paint
4840,206:133:0,paint
4841,206:133:0,paint
4842,206:133:0,paint
4843,206:133:0,paint
4844,206:133:0,paint
4845,206:133:0,paint
4846,206:133:0,paint
4847,206:133:0,paint
4848,206:133:0,paint
4849,206:133:0,paint
4850,206:133:0,paint
4851,206:133:0,paint
4852,206:133:0,paint
4853,206:133:0,paint
4854,206:133:0,paint
4855,206:133:0,paint
4856,206:133:0,paint
4857,206:133:0,paint
4858,206:133:0,paint
4859,206:133:0,paint
4860,206:133:0,paint
4861,206:133:0,paint
4862,206:133:0,paint
4863,206:133:0,paint
4864,206:133:0,paint
4865,206:133:0,paint
4866,206:133:0,paint
4867,206:133:0,paint
4868,206:133:0,paint
4869,206:133:0,paint
4870,206:133:0,paint
4871,206:133:0,paint
4872,206:133:0,paint
4873,206:133:0,paint
4874,206:133:0,paint
4875,206:133:0,paint
4876,206:133:0,paint
4877,206:133:0,paint
4878,206:133:0,paint
4879,206:133:0,paint
4880,206:133:0,paint
4881,206:133:0,paint
4882,206:133:0,paint
4883,206:133:0,paint
4884,206:133:0,paint
4885,206:133:0,paint
4886,206:133:0,paint
4887,206:133:0,paint
4888,206:133:0,paint
4889,206:133:0,paint
4890,206:133:0,paint
4891,206:133:0,paint
4892,206:133:0,paint
4893,206:133:0,paint
4894,206:133:0,paint
4895,206:133:0,paint
4896,206:133:0,paint
4897,206:133:0,paint
4898,206:133:0,paint
4899,206:133:0,paint
4900,206:133:0,paint
4901,206:133:0,paint
4902,206:133:0,paint
4903,206:133:0,paint
4904,206:133:0,paint
4905,206:133:0,paint
4906,206:133:0,paint
4907,206:133:0,paint
4908,206:133:0,paint
4909,206:133:0,paint
4910,206:133:0,paint
4911,206:133:0,paint
4912,206:133:0,paint
4913,206:133:0,paint
4914,206:133:0,paint
4915,206:133:0,paint
4916,206:133:0,paint
4917,206:133:0,paint
4918,206:133:0,paint
4919,206:133:0,paint
4920,206:133:0,paint
4921,206:133:0,paint
4922,206:133:0,paint
4923,206:133:0,paint
4924,206:133:0,paint
4925,206:133:0,paint
4926,206:133:0,paint
4927,206:133:0,paint
4928,206:133:0,paint
4929,206:133:0,paint
4930,206:133:0,paint
4931,206:133:0,paint
4932,206:133:0,paint
4933,206:133:0,paint
4934,206:133:0,paint
4935,206:133:0,paint
4936,206:133:0,paint
4937,206:133:0,paint
4938,206:133:0,paint
4939,206:133:0,paint
4940,206:133:0,paint
4941,206:133:0,paint
4942,206:133:0,paint
4943,206:133:0,paint
4944,206:133:0,paint
4945,206:133:0,paint
4946,206:133:0,paint
4947,206:133:0,paint
4948,206:133:0,paint
4949,206:133:0,paint
4950,206:133:0,paint
4951,206:133:0,paint
4952,206:133:0,paint
4953,206:133:0,paint
4954,206:133:0,paint
4955,206:133:0,paint
4956,206:133:0,paint
4957,206:133:0,paint
4958,206:133:0,paint
4959,206:133:0,paint
4960,206:133:0,paint
4961,206:133:0,paint
4962,206:133:0,paint
4963,206:133:0,paint
4964,206:133:0,paint
4965,206:133:0,paint
4966,206:133:0,paint
4967,206:133:0,paint
4968,206:133:0,paint
4969,206:133:0,paint
4970,206:133:0,paint
4971,206:133:0,paint
4972,206:133:0,paint
4973,206:133:0,paint
4974,206:133:0,paint
4975,206:133:0,paint
4976,206:133:0,paint
4977,206:133:0,paint
4978,206:133:0,paint
4979,206:133:0,paint
4980,206:133:0,paint
4981,206:133:0,paint
4982,206:133:0,paint
4983,206:133:0,paint
4984,206:133:0,paint
4985,206:133:0,paint
4986,206:133:0,paint
4987,206:133:0,paint
4988,206:133:0,paint
4989,206:133:0,paint
4990,206:133:0,paint
4991,206:133:0,paint
4992,206:133:0,paint
4993,206:133:0,paint
4994,206:133:0,paint
4995,206:133:0,paint
4996,206:133:0,paint
4997,206:133:0,paint
4998,206:133:0,paint
4999,206:133:0,paint
5000,206:133:0,paint
5001,206:133:0,paint
5002,206:133:0,paint
5003,206:133:0,paint
5004,206:133:0,paint
5005,206:133:0,paint
5006,206:133:0,paint
5007,206:133:0,paint
